{"type":"FeatureCollection", "features": [
{"type":"Feature","geometry":{"type":"Polygon","coordinates":[[[-84.3632159999735,32.39764899999867],[-84.39231600013444,32.41404600028456],[-84.3899269998066,32.29723700011686],[-84.40995000012863,32.284454999751745],[-84.42945100021882,32.232151000239],[-84.43021799977468,32.16625700011729],[-84.18356899963698,32.158493000318394],[-84.18165700023344,32.22970300018967],[-84.22014399985471,32.23115000011261],[-84.21921099971914,32.295056999708585],[-84.25591200033357,32.296156000134964],[-84.2546129996018,32.37205300005674],[-84.32381499958495,32.372449999645916],[-84.3632159999735,32.39764899999867]]]},"properties":{"BASENAME":"Schley","NAME":"Schley County","STATE":"13"}},
{"type":"Feature","geometry":{"type":"Polygon","coordinates":[[[-81.5480059997591,32.489286000294264],[-81.52694600044278,32.44592300026409],[-81.53092099976092,32.390384999769665],[-81.46429399987844,32.324703000117815],[-81.43836899986782,32.27190399975336],[-81.43582999975214,32.241289000015875],[-81.3916980003602,32.09588599984693],[-81.19563399984719,32.23749900030754],[-81.1445720001965,32.22612800012404],[-81.12327599998032,32.27697500036911],[-81.12853499996162,32.33838099969436],[-81.16712399969013,32.35871800001278],[-81.20557199985164,32.423892999961446],[-81.20040800030492,32.46831399999756],[-81.28126999972527,32.55647100024523],[-81.31912100021022,32.55959600001878],[-81.38920500027528,32.595415999978826],[-81.5385580001994,32.509059000047486],[-81.5480059997591,32.489286000294264]]]},"properties":{"BASENAME":"Effingham","NAME":"Effingham County","STATE":"13"}},
{"type":"Feature","geometry":{"type":"Polygon","coordinates":[[[-85.38967900016992,30.20097299967231],[-85.39138700025727,30.022674000223812],[-85.38866900004146,29.924359000086454],[-85.43433399961857,29.899989999727996],[-85.44033599976463,29.78811299962057],[-85.37285000026478,29.507010000011608],[-85.33542999977504,29.505499999706245],[-85.25966999997716,29.524809999807545],[-85.21145500041372,29.497064999939486],[-85.22237199968616,29.687896999841293],[-85.20622599967133,29.711188000187462],[-85.10940099963592,29.776792999868473],[-85.04007800017726,29.779346000213035],[-85.02053400042936,29.807373000220434],[-85.05435899974592,29.901859999815194],[-85.01972299959424,29.953479999932483],[-85.02543900040833,29.971399000388857],[-85.05400200026885,30.00127999976119],[-85.11369100039498,30.023173000051706],[-85.13525399967655,30.043270000090118],[-85.14907700038411,30.11049500000713],[-85.13866900002634,30.17254600008783],[-85.11565999969993,30.19997600008311],[-85.38967900016992,30.20097299967231]]]},"properties":{"BASENAME":"Gulf","NAME":"Gulf County","STATE":"12"}},
{"type":"Feature","geometry":{"type":"Polygon","coordinates":[[[-81.76755300025144,32.90941099966548],[-81.77739599982135,32.92351000007101],[-81.85798500032854,32.95388200006826],[-81.9564480001311,32.923724000253955],[-82.08133700025974,32.91677599967875],[-82.12374200019606,32.88365599967319],[-82.14497700031289,32.81274099996054],[-82.08244000027462,32.66306099986884],[-82.00123599964917,32.6069100000629],[-81.84100499991236,32.649093000158814],[-81.86793800040161,32.681149999983596],[-81.76755300025144,32.90941099966548]]]},"properties":{"BASENAME":"Jenkins","NAME":"Jenkins County","STATE":"13"}},
{"type":"Feature","geometry":{"type":"Polygon","coordinates":[[[-85.23651800043392,33.12955900015605],[-85.08803599982276,33.17170099969289],[-84.93901500015967,33.224692999883786],[-85.01535800028876,33.42550600012064],[-85.2938049998134,33.42809800028632],[-85.23651800043392,33.12955900015605]]]},"properties":{"BASENAME":"Heard","NAME":"Heard County","STATE":"13"}},
{"type":"Feature","geometry":{"type":"Polygon","coordinates":[[[-85.69585400022711,32.595933000349575],[-85.69675499967732,32.69742899964134],[-85.67985399980215,32.71253000025028],[-85.61025299961084,32.71392899986267],[-85.59315099989422,32.728529999869714],[-85.5931769998335,33.10734000036865],[-85.65365400033022,33.10663399982717],[-85.97471500002857,33.10528599985932],[-86.00917000043027,33.09025999973136],[-86.00718699998329,32.754983999671815],[-85.87986000002135,32.75452800003583],[-85.91171400038311,32.67784000022624],[-85.88774699980677,32.6476100000591],[-85.89455900006475,32.603131999872076],[-85.88614800039768,32.493052999871],[-85.79715599972101,32.49423599991936],[-85.79858500014912,32.58108900028737],[-85.71265399981995,32.581834000126655],[-85.69585400022711,32.595933000349575]]]},"properties":{"BASENAME":"Tallapoosa","NAME":"Tallapoosa County","STATE":"01"}},
{"type":"Feature","geometry":{"type":"Polygon","coordinates":[[[-83.61171999955292,30.651258000229763],[-83.60418599994492,30.581915999646526],[-83.63741199993505,30.552671000029676],[-83.70429300026075,30.538094000002218],[-83.73695400036137,30.507569000286075],[-83.72171999966739,30.434354000243776],[-83.75726100036552,30.38546699993488],[-83.80378700010817,30.377585999997063],[-83.79357700011714,30.335505999813133],[-83.82023500024678,30.30354000013151],[-83.46876799998304,30.304211999618815],[-83.46926699975033,30.260350999906088],[-83.36725999972651,30.260439999628865],[-83.24725300001063,30.260669999715763],[-83.2099239997575,30.311877999719087],[-83.21275499995123,30.344340999777014],[-83.1709690003311,30.3852250000161],[-83.18038000008087,30.410603000323256],[-83.22008699989287,30.422484000126513],[-83.22586599955785,30.468021000294684],[-83.27261200030685,30.627686999997334],[-83.30924900044884,30.634405999972387],[-83.34085199984212,30.636336000027995],[-83.35770300038688,30.637359999962555],[-83.61171999955292,30.651258000229763]]]},"properties":{"BASENAME":"Madison","NAME":"Madison County","STATE":"12"}},
{"type":"Feature","geometry":{"type":"Polygon","coordinates":[[[-83.35770300038688,30.637359999962555],[-83.36125099990777,30.651860999813472],[-83.4207579995607,30.688977000165185],[-83.43968000041599,30.688564999855245],[-83.48246100009594,30.756930999751813],[-83.45885900029091,30.764427999975698],[-83.43857200037824,30.814362000012505],[-83.35898899980154,30.836710000232035],[-83.37089799965909,30.88482799969377],[-83.39945399984691,30.88390399963191],[-83.44051300009411,30.90626199992177],[-83.42931700026408,30.948913000081063],[-83.47561700005092,31.031964000336117],[-83.55384399999447,31.05611499979185],[-83.57485700035343,31.078135000196767],[-83.57395900037798,31.033874999750207],[-83.73615799959485,31.03767900027645],[-83.7437289999111,30.658396000206245],[-83.61171999955292,30.651258000229763],[-83.35770300038688,30.637359999962555]]]},"properties":{"BASENAME":"Brooks","NAME":"Brooks County","STATE":"13"}},
{"type":"Feature","geometry":{"type":"Polygon","coordinates":[[[-82.92786500023955,32.13527400015474],[-83.20573900037708,31.90032499969319],[-83.17746900041953,31.847857000283277],[-83.02796599980928,31.77829100036642],[-82.99569800006905,31.780983000136025],[-82.97831000012216,31.793200999942602],[-82.87361500001977,31.78193999983398],[-82.8363660001326,31.816153999850705],[-82.75719199980979,31.85703099989996],[-82.74176300002044,31.876881000219377],[-82.67626000006923,31.913182000181138],[-82.64565900040849,31.91888299963245],[-82.69517799982826,31.956882999666856],[-82.72880600039962,32.00670400003967],[-82.76682600004065,32.01161900001058],[-82.80098500016635,32.0442459996656],[-82.88765700011214,32.079890999919854],[-82.92786500023955,32.13527400015474]]]},"properties":{"BASENAME":"Telfair","NAME":"Telfair County","STATE":"13"}},
{"type":"Feature","geometry":{"type":"Polygon","coordinates":[[[-82.93732899969278,29.591195999999528],[-82.9730539996156,29.624281000026407],[-82.95698899979162,29.638878000246855],[-82.95767699970479,29.698255000333226],[-82.93853800001284,29.74448699995709],[-82.94762300024769,29.766112999769312],[-82.92060799974266,29.824142999774114],[-83.31885900039023,29.82262300014612],[-83.3194619999146,29.778328000272698],[-83.34567599963022,29.74348999973506],[-83.36639799973608,29.66570099968399],[-83.41544099985309,29.665538999793576],[-83.57540600034945,29.527002999705328],[-83.56544999990331,29.46204999974202],[-83.5334299998602,29.408460000285952],[-83.50492999974888,29.384230000096522],[-83.43565999999367,29.349699999711017],[-83.40251000017152,29.316920000363833],[-83.3550300003769,29.28828000020716],[-83.34617600012075,29.241867999796973],[-83.16481700039722,29.289160999610306],[-83.06852200009125,29.343952999751675],[-83.06560200020907,29.372664000235098],[-83.03586600001348,29.388197999704083],[-83.01283900014373,29.44589900028646],[-82.98437099981946,29.471004000152565],[-82.97597600004592,29.541277000019623],[-82.95004799966222,29.55610999972836],[-82.93732899969278,29.591195999999528]]]},"properties":{"BASENAME":"Dixie","NAME":"Dixie County","STATE":"12"}},
{"type":"Feature","geometry":{"type":"Polygon","coordinates":[[[-83.54587600001818,33.17194399993019],[-83.53373600018196,33.434472000335994],[-83.68219600015348,33.526219999795394],[-83.68576899978873,33.482741000261704],[-83.73668700039768,33.480862000086006],[-83.7712780003435,33.45249499975334],[-83.8452070000304,33.41472099991414],[-83.83783300025596,33.39000200027459],[-83.86336200043148,33.3423169998255],[-83.84040900018155,33.328901999661696],[-83.83245899974861,33.27278100019842],[-83.8141030004044,33.242133999751196],[-83.82226100035146,33.180237999756],[-83.81604800031823,33.131816000215174],[-83.54587600001818,33.17194399993019]]]},"properties":{"BASENAME":"Jasper","NAME":"Jasper County","STATE":"13"}},
{"type":"Feature","geometry":{"type":"Polygon","coordinates":[[[-82.43195699970335,33.27482999974502],[-82.5597530001937,33.32726999977902],[-82.64559300028625,33.30144800003362],[-82.67915900003503,33.273925999631864],[-82.75584600012068,33.25344000026134],[-82.74831099978945,33.23834799988396],[-82.7334379996688,33.20812300010918],[-82.73948300037087,33.17436799969054],[-82.66191699967801,33.12633100035693],[-82.57697299991106,33.12462600033078],[-82.58494199971226,33.17145299999689],[-82.43195699970335,33.27482999974502]]]},"properties":{"BASENAME":"Glascock","NAME":"Glascock County","STATE":"13"}},
{"type":"Feature","geometry":{"type":"Polygon","coordinates":[[[-82.65630100021964,29.564810999754737],[-82.75645799986587,29.562466999651743],[-82.77291000020247,29.584878999887557],[-82.85651800032603,29.584242999871098],[-82.93732899969278,29.591195999999528],[-82.95004799966222,29.55610999972836],[-82.97597600004592,29.541277000019623],[-82.98437099981946,29.471004000152565],[-83.01283900014373,29.44589900028646],[-83.03586600001348,29.388197999704083],[-83.06560200020907,29.372664000235098],[-83.06852200009125,29.343952999751675],[-83.16481700039722,29.289160999610306],[-83.34617600012075,29.241867999796973],[-83.32086000038056,29.199390000188043],[-83.26208000010054,29.155719999818775],[-83.25702000031087,29.084890000082588],[-83.21862999987569,29.016920000027657],[-83.18790600019128,28.986573000359215],[-82.76156799988426,28.99209099963952],[-82.71152999970741,29.030988000190618],[-82.68981400026496,29.03396200032188],[-82.61265299962805,29.00927099994468],[-82.53559099962368,29.044855000012557],[-82.53486000005279,29.21468000028248],[-82.40323700038233,29.215622999765436],[-82.40662000004676,29.485047999689765],[-82.55676600036435,29.480054999998078],[-82.55756499970728,29.537605999664052],[-82.65633100035687,29.535619999631187],[-82.65630100021964,29.564810999754737]]]},"properties":{"BASENAME":"Levy","NAME":"Levy County","STATE":"12"}},
{"type":"Feature","geometry":{"type":"Polygon","coordinates":[[[-83.60854699995078,32.11840500000523],[-83.60966300038443,32.0279379996737],[-83.61225600002845,31.854089000328973],[-83.4801760004235,31.847311999917125],[-83.20963800042557,31.844646000200683],[-83.17746900041953,31.847857000283277],[-83.20573900037708,31.90032499969319],[-83.2190530003733,31.92634999984762],[-83.26153399957929,31.95207600002808],[-83.30772200011144,32.05091900013791],[-83.29985799989224,32.07030700023326],[-83.33731299964374,32.10588500001042],[-83.3611129998155,32.1240919996908],[-83.41644000011088,32.13307599989517],[-83.43565699962062,32.117243999996354],[-83.60854699995078,32.11840500000523]]]},"properties":{"BASENAME":"Wilcox","NAME":"Wilcox County","STATE":"13"}},
{"type":"Feature","geometry":{"type":"Polygon","coordinates":[[[-84.29866500042444,32.99967099978929],[-84.27014000019875,32.99101100029819],[-84.26916900042836,33.03143799983945],[-84.24865900003464,33.039329999926395],[-84.24818500038171,33.189018999724595],[-84.3736850004306,33.18962499988071],[-84.39346699982988,33.20831099972347],[-84.45133599971567,33.20888899999044],[-84.4967829997329,33.18386599995885],[-84.52871800028551,33.09796000012125],[-84.52274899975141,33.06133500003009],[-84.53683199985164,33.00935899993512],[-84.52702000024388,32.970548000274746],[-84.4897079997092,32.99372899994587],[-84.29872300015074,32.99147000010535],[-84.29866500042444,32.99967099978929]]]},"properties":{"BASENAME":"Pike","NAME":"Pike County","STATE":"13"}},
{"type":"Feature","geometry":{"type":"Polygon","coordinates":[[[-84.92302700032859,32.23085099969277],[-84.97332800027115,32.21765000027511],[-84.96372800037548,32.195851999890046],[-85.00922399989821,32.181646000203344],[-85.0620599997585,32.13248599982605],[-85.04506299962387,32.088063000039476],[-85.05602900019845,32.06305500034721],[-85.05507500014649,32.010713999891266],[-85.06823000013404,31.991856999894186],[-85.04202899993888,31.97565799966579],[-84.97370099964174,31.959299000100085],[-84.90700599998722,31.924465000031255],[-84.65582000011656,31.92030799966787],[-84.6541189997019,32.02845799977646],[-84.64441900024713,32.02885800024851],[-84.6403200001821,32.22525299972633],[-84.64931900020322,32.23295300014298],[-84.65891999992378,32.232852000071816],[-84.92302700032859,32.23085099969277]]]},"properties":{"BASENAME":"Stewart","NAME":"Stewart County","STATE":"13"}},
{"type":"Feature","geometry":{"type":"Polygon","coordinates":[[[-82.75584600012068,33.25344000026134],[-82.78238399970142,33.27008900016934],[-82.80291599983646,33.36503500028008],[-82.82598000041448,33.39053500010814],[-82.82456600005499,33.42797399975151],[-82.87259700039372,33.446416000137354],[-82.90179499956564,33.438787999626356],[-82.98382900039446,33.44763500007577],[-83.01285300038742,33.46917800011433],[-83.16420700030186,33.355030000245506],[-83.14577400006644,33.31208399988622],[-83.253461000021,33.25929000024002],[-83.2741079997838,33.187237999654165],[-83.19537299985214,33.17633600031703],[-83.09764900001636,33.15153599975996],[-83.11831699969552,33.080247000119954],[-83.1008340002124,33.04984899965151],[-83.05219699997627,33.080681999833914],[-83.00874000007869,33.08084899991572],[-82.9701379999314,33.109280000239806],[-82.92667400036113,33.11626999983012],[-82.8888660004322,33.13860299989029],[-82.85504600024024,33.19642700002752],[-82.77799500010649,33.238427999709344],[-82.74831099978945,33.23834799988396],[-82.75584600012068,33.25344000026134]]]},"properties":{"BASENAME":"Hancock","NAME":"Hancock County","STATE":"13"}},
{"type":"Feature","geometry":{"type":"Polygon","coordinates":[[[-83.64938400044014,31.567976999625365],[-83.65409000022747,31.330661000121435],[-83.51260700037034,31.327405000354954],[-83.46064400037116,31.326262999963706],[-83.43449199968148,31.350361000298946],[-83.37088799961334,31.40114200030904],[-83.36951400033514,31.46505500008169],[-83.33872799982815,31.47599099969216],[-83.38219200029671,31.48709700023761],[-83.39726000041105,31.53162399967162],[-83.42083999957646,31.553564999905813],[-83.47092999963185,31.555957000005982],[-83.50070199981242,31.59399000017083],[-83.64897199981316,31.596466000357623],[-83.64938400044014,31.567976999625365]]]},"properties":{"BASENAME":"Tift","NAME":"Tift County","STATE":"13"}},
{"type":"Feature","geometry":{"type":"Polygon","coordinates":[[[-83.51260700037034,31.327405000354954],[-83.50637099987254,31.27976999979467],[-83.5098099996135,31.20618099965592],[-83.54337600026058,31.170425999952926],[-83.57485700035343,31.078135000196767],[-83.55384399999447,31.05611499979185],[-83.47561700005092,31.031964000336117],[-83.29505199964747,31.02727800021278],[-83.27972800033842,31.063647999635457],[-83.32047100021813,31.09796200005083],[-83.30561099961794,31.16723300011668],[-83.33427899995876,31.191578000076458],[-83.33594900041129,31.244579000114708],[-83.38568399974112,31.258460999941146],[-83.43506199959387,31.30258000005086],[-83.43449199968148,31.350361000298946],[-83.46064400037116,31.326262999963706],[-83.51260700037034,31.327405000354954]]]},"properties":{"BASENAME":"Cook","NAME":"Cook County","STATE":"13"}},
{"type":"Feature","geometry":{"type":"Polygon","coordinates":[[[-82.80047700017823,29.932125999825086],[-82.76135399962402,29.96597799977374],[-82.79397500043999,29.986201999781738],[-82.79459399985787,30.337024000278372],[-82.93152499991344,30.390387999889075],[-82.95590000002045,30.41348600027641],[-83.07870600014299,30.438116000229517],[-83.15520999993056,30.41721700008874],[-83.1709690003311,30.3852250000161],[-83.21275499995123,30.344340999777014],[-83.2099239997575,30.311877999719087],[-83.24725300001063,30.260669999715763],[-83.24885099959484,30.18393099982474],[-83.2329790001147,30.1687280000057],[-83.22636000020057,30.11462100019876],[-83.18485800026258,30.094221999953934],[-83.1624570003817,30.11002199983968],[-83.07163399959404,30.08215099976406],[-83.06652899959852,30.065373000101904],[-83.01329299970516,30.032123000153774],[-83.0031920003924,30.010795000119415],[-82.9631120003115,29.993050000116387],[-82.93078199974867,29.9573990001803],[-82.91210099981613,29.904835999866414],[-82.87980200011376,29.886847000287865],[-82.8642460001028,29.90983600018728],[-82.80047700017823,29.932125999825086]]]},"properties":{"BASENAME":"Suwannee","NAME":"Suwannee County","STATE":"12"}},
{"type":"Feature","geometry":{"type":"Polygon","coordinates":[[[-85.5931769998335,33.10734000036865],[-85.232378000361,33.10807699986702],[-85.23651800043392,33.12955900015605],[-85.2938049998134,33.42809800028632],[-85.30443900012696,33.48288399966478],[-85.33106100027162,33.491014000189395],[-85.64348199997403,33.49588500033424],[-85.65308000021986,33.21211699976209],[-85.65365400033022,33.10663399982717],[-85.5931769998335,33.10734000036865]]]},"properties":{"BASENAME":"Randolph","NAME":"Randolph County","STATE":"01"}},
{"type":"Feature","geometry":{"type":"Polygon","coordinates":[[[-86.19137900044868,31.966452999999976],[-85.99556299963281,31.967554000051187],[-85.99685300014373,32.05104899998107],[-85.99915700008275,32.25054300022124],[-85.98655699993898,32.27234199978106],[-85.91929300019697,32.274381999883744],[-85.98908799965872,32.33482000024228],[-86.02301199960777,32.41997799970307],[-86.04640199970072,32.40614599993295],[-86.11632900030527,32.41702599973623],[-86.1980750003557,32.451379999784805],[-86.23706800031526,32.49497999994016],[-86.30798400023353,32.46700799999208],[-86.34446999986449,32.4326360000514],[-86.39839799986898,32.42694099975605],[-86.41117200009002,32.40993700014922],[-86.44472100012035,32.3998409998273],[-86.49477099999275,32.338457000357295],[-86.48965000010372,32.293353000043865],[-86.40877100006662,32.24430899997252],[-86.40627600033189,32.0507310002724],[-86.30361599965669,32.05166400013266],[-86.30221700026412,31.965064999911313],[-86.19137900044868,31.966452999999976]]]},"properties":{"BASENAME":"Montgomery","NAME":"Montgomery County","STATE":"01"}},
{"type":"Feature","geometry":{"type":"Polygon","coordinates":[[[-84.86176800020735,32.87249499978209],[-84.86452400005798,32.96082199993714],[-84.86235900003614,33.19117299971951],[-84.86213499973016,33.22385799981863],[-84.93901500015967,33.224692999883786],[-85.08803599982276,33.17170099969289],[-85.23651800043392,33.12955900015605],[-85.232378000361,33.10807699986702],[-85.1841310001122,32.870525000153016],[-84.861855000246,32.868617000173785],[-84.86176800020735,32.87249499978209]]]},"properties":{"BASENAME":"Troup","NAME":"Troup County","STATE":"13"}},
{"type":"Feature","geometry":{"type":"Polygon","coordinates":[[[-82.40911800015456,32.35383000021417],[-82.3861060003534,32.440369999990295],[-82.49997100018113,32.4983780000704],[-82.64773300019375,32.51250699976338],[-82.64692300008184,32.46891499992452],[-82.68562499978826,32.46050099975502],[-82.70184500032126,32.432640000305966],[-82.73688399998075,32.322619000219646],[-82.72196400000442,32.30928300011015],[-82.65548600008486,32.29756100009124],[-82.6484830000312,32.311556000038316],[-82.40912999985011,32.35373799973798],[-82.40911800015456,32.35383000021417]]]},"properties":{"BASENAME":"Treutlen","NAME":"Treutlen County","STATE":"13"}},
{"type":"Feature","geometry":{"type":"Polygon","coordinates":[[[-84.81784299960633,31.619771000054403],[-84.81980699978673,31.50119200031044],[-84.7890320000487,31.43635599995244],[-84.63757900040007,31.43392600018875],[-84.4908130002722,31.427882000379707],[-84.42987600036624,31.436661000185495],[-84.41252100003133,31.456929999689883],[-84.4549229995946,31.548331000302724],[-84.45039799955724,31.62186800007207],[-84.54685400042001,31.62119899983937],[-84.5865960003921,31.637386999959112],[-84.6492969995636,31.643669999829687],[-84.65651700025057,31.619981000362156],[-84.81784299960633,31.619771000054403]]]},"properties":{"BASENAME":"Calhoun","NAME":"Calhoun County","STATE":"13"}},
{"type":"Feature","geometry":{"type":"Polygon","coordinates":[[[-81.96906900019128,32.268782999695304],[-81.91865199989776,32.415073000026325],[-81.97412099958504,32.469970999643614],[-81.97100300023446,32.513240000189825],[-82.03023299987795,32.5387700000928],[-82.0798419997094,32.56006299974078],[-82.14833800023604,32.52042899971631],[-82.1811449999265,32.47406600012808],[-82.18794399976568,32.43357100014154],[-82.25275700015389,32.35331000031749],[-82.23278800025855,32.31883799997256],[-82.02533899976964,32.278882999820034],[-81.96906900019128,32.268782999695304]]]},"properties":{"BASENAME":"Candler","NAME":"Candler County","STATE":"13"}},
{"type":"Feature","geometry":{"type":"Polygon","coordinates":[[[-85.08078400024706,32.608071999843034],[-85.0671990000892,32.579306000133506],[-85.00101999992039,32.510156999769215],[-84.993529999795,32.450742999986836],[-84.97183100007098,32.442843000067214],[-84.97196199959224,32.3776980003744],[-84.93242499965956,32.38062499973465],[-84.8818009996768,32.41070399986253],[-84.79295100018868,32.41383999983195],[-84.76096700013056,32.4363659996365],[-84.72556100004998,32.50601599969913],[-84.69451000012741,32.518731999943334],[-84.66746299983534,32.56394799977523],[-84.69460300001383,32.58394499971759],[-84.90788300004628,32.58343300009301],[-84.90769300007547,32.60760800008343],[-85.08078400024706,32.608071999843034]]]},"properties":{"BASENAME":"Muscogee","NAME":"Muscogee County","STATE":"13"}},
{"type":"Feature","geometry":{"type":"Polygon","coordinates":[[[-84.38070500020271,30.689993000210205],[-84.37620699992952,30.943445000222237],[-84.37661199998547,31.078882999617594],[-84.50807800019543,31.078400000215307],[-84.54265300024773,31.079029000309458],[-84.64536900010111,31.079357000382],[-84.73085500019135,31.069190000015066],[-84.75294700027575,31.04121200034272],[-84.75591700038663,30.8852700003515],[-84.76961999964698,30.839388999941928],[-84.81192000000131,30.782989999702718],[-84.8675309999788,30.7476720002596],[-84.86346500042406,30.71149399986396],[-84.47440899961619,30.69279300025232],[-84.38070500020271,30.689993000210205]]]},"properties":{"BASENAME":"Decatur","NAME":"Decatur County","STATE":"13"}},
{"type":"Feature","geometry":{"type":"Polygon","coordinates":[[[-83.22653599992766,32.58420099994721],[-83.49792300039557,32.45219800010014],[-83.49803899984822,32.40171499977312],[-83.34652799957493,32.272489000143615],[-83.2839579999247,32.32431099993389],[-83.30475000035074,32.34195799983308],[-83.17325200035373,32.452532999651076],[-83.1389910001208,32.42306900033409],[-83.22653599992766,32.58420099994721]]]},"properties":{"BASENAME":"Bleckley","NAME":"Bleckley County","STATE":"13"}},
{"type":"Feature","geometry":{"type":"Polygon","coordinates":[[[-82.14497700031289,32.81274099996054],[-82.12374200019606,32.88365599967319],[-82.08133700025974,32.91677599967875],[-81.9564480001311,32.923724000253955],[-81.85798500032854,32.95388200006826],[-81.77739599982135,32.92351000007101],[-81.76755300025144,32.90941099966548],[-81.541831000259,33.04565399972241],[-81.56550099983609,33.04788799963832],[-81.61403299959194,33.095251000141495],[-81.64543300039226,33.09405100019219],[-81.70463399972344,33.116449999900894],[-81.76823500031684,33.167948999642526],[-81.75703500028887,33.19814800021947],[-81.78923600008194,33.20824699962823],[-81.88702500021503,33.26176200007296],[-81.9345590004363,33.25296299964486],[-81.97919499961841,33.22716499990138],[-82.0600309999978,33.24256600026725],[-82.092591999641,33.23008399967907],[-82.1253289999096,33.2496650001128],[-82.13374700014766,33.27587900023839],[-82.17423999978213,33.29677100006876],[-82.26758000004583,33.267396999770185],[-82.23306199989493,33.227739999873215],[-82.26672399990318,33.15340200025264],[-82.29118000020105,33.06282699996505],[-82.27235299978032,32.93779600012222],[-82.31651199983477,32.83577199970399],[-82.20151300003002,32.80460899968324],[-82.14497700031289,32.81274099996054]]]},"properties":{"BASENAME":"Burke","NAME":"Burke County","STATE":"13"}},
{"type":"Feature","geometry":{"type":"Polygon","coordinates":[[[-84.63732300030702,32.53485500034535],[-84.65732499981434,32.494940000062954],[-84.65891999992378,32.232852000071816],[-84.64931900020322,32.23295300014298],[-84.62062099972519,32.233055000093316],[-84.59974700018171,32.19242600008567],[-84.52741699990392,32.15115599991082],[-84.52711700032826,32.134556000153225],[-84.43121399965946,32.13405800023363],[-84.43021799977468,32.16625700011729],[-84.42945100021882,32.232151000239],[-84.40995000012863,32.284454999751745],[-84.3899269998066,32.29723700011686],[-84.39231600013444,32.41404600028456],[-84.40780799967297,32.485267000271186],[-84.4336189998808,32.49324300027349],[-84.44435299975346,32.56208300022244],[-84.49206500024998,32.561955999809975],[-84.5048160000065,32.54182200032485],[-84.63732300030702,32.53485500034535]]]},"properties":{"BASENAME":"Marion","NAME":"Marion County","STATE":"13"}},
{"type":"Feature","geometry":{"type":"Polygon","coordinates":[[[-85.21145500041372,29.497064999939486],[-85.11267000039587,29.44640999964443],[-85.03630999965004,29.43650000034611],[-84.8963599999781,29.47120999996191],[-84.78749999968844,29.52589999999465],[-84.72689000002063,29.544930000279187],[-84.64377999983944,29.59273999978643],[-84.58868000022309,29.640739999612876],[-84.48055999972516,29.683889999717515],[-84.41155100008585,29.745639000026465],[-84.29688000034416,29.972559000294044],[-84.35476099992552,29.969831999940588],[-84.46771299970918,30.001852999994597],[-84.51412999967188,29.989075999764182],[-84.54445000002357,30.011030000264284],[-84.83755600030695,30.011515999744276],[-85.00762600031403,30.013883000307025],[-85.02543900040833,29.971399000388857],[-85.01972299959424,29.953479999932483],[-85.05435899974592,29.901859999815194],[-85.02053400042936,29.807373000220434],[-85.04007800017726,29.779346000213035],[-85.10940099963592,29.776792999868473],[-85.20622599967133,29.711188000187462],[-85.22237199968616,29.687896999841293],[-85.21145500041372,29.497064999939486]]]},"properties":{"BASENAME":"Franklin","NAME":"Franklin County","STATE":"12"}},
{"type":"Feature","geometry":{"type":"Polygon","coordinates":[[[-84.73085500019135,31.069190000015066],[-84.92242300008098,31.072590000275348],[-85.02856400032992,31.075522999864642],[-85.0113909995699,31.053546999913024],[-85.00249899967889,31.000685000050627],[-84.98352700039152,30.93548600004161],[-84.94252500004572,30.888487999728344],[-84.9268240002698,30.846388999963217],[-84.93682400019856,30.81848899988645],[-84.91112199977067,30.75119099989345],[-84.8646930001124,30.711541999938845],[-84.86346500042406,30.71149399986396],[-84.8675309999788,30.7476720002596],[-84.81192000000131,30.782989999702718],[-84.76961999964698,30.839388999941928],[-84.75591700038663,30.8852700003515],[-84.75294700027575,31.04121200034272],[-84.73085500019135,31.069190000015066]]]},"properties":{"BASENAME":"Seminole","NAME":"Seminole County","STATE":"13"}},
{"type":"Feature","geometry":{"type":"Polygon","coordinates":[[[-85.00101999992039,32.510156999769215],[-85.06078400038957,32.50917699978309],[-85.05929399986209,32.47290900004778],[-85.33384300006152,32.468638999816804],[-85.33014300020466,32.41084199963119],[-85.43404499991358,32.40983999984472],[-85.43354299977324,32.23464799994818],[-85.42744100006807,32.146551000366884],[-85.41024100044217,32.14665100023129],[-85.25774699980465,32.14825099987839],[-85.2454949998154,32.119142999812034],[-85.1850669997225,32.061708000054246],[-85.05602900019845,32.06305500034721],[-85.04506299962387,32.088063000039476],[-85.0620599997585,32.13248599982605],[-85.00922399989821,32.181646000203344],[-84.96372800037548,32.195851999890046],[-84.97332800027115,32.21765000027511],[-84.92302700032859,32.23085099969277],[-84.90119100033722,32.25837399996641],[-84.93379999966099,32.29825999976159],[-85.00279099975694,32.3224280003518],[-85.00458199968496,32.34519600029467],[-84.97196199959224,32.3776980003744],[-84.97183100007098,32.442843000067214],[-84.993529999795,32.450742999986836],[-85.00101999992039,32.510156999769215]]]},"properties":{"BASENAME":"Russell","NAME":"Russell County","STATE":"01"}},
{"type":"Feature","geometry":{"type":"Polygon","coordinates":[[[-86.40627600033189,32.0507310002724],[-86.40500500008753,31.963774999886656],[-86.44819800039444,31.96462900031422],[-86.445978000121,31.701119999663003],[-86.44863500023746,31.655617000237473],[-86.4995329998566,31.655247000180974],[-86.49921300018947,31.52533100026678],[-86.399940000275,31.52712800002014],[-86.39853599996124,31.45132499994578],[-86.36362399962503,31.484784000287164],[-86.33853899986353,31.487559999979855],[-86.28015500031695,31.528510000154977],[-86.27703100022028,31.455602000345348],[-86.2618760000673,31.44116800037728],[-86.19395100017631,31.44007200009779],[-86.19478399985444,31.529949000341933],[-86.1439499998094,31.537674999648374],[-86.14589499972321,31.617740999677572],[-86.17969700037185,31.62738200027706],[-86.14714699970101,31.663150000112594],[-86.14833900030264,31.79095099978367],[-86.1993780003871,31.79044999978018],[-86.18294899961673,31.83238999961967],[-86.17496899994488,31.93059700029118],[-86.19137900044868,31.966452999999976],[-86.30221700026412,31.965064999911313],[-86.30361599965669,32.05166400013266],[-86.40627600033189,32.0507310002724]]]},"properties":{"BASENAME":"Crenshaw","NAME":"Crenshaw County","STATE":"01"}},
{"type":"Feature","geometry":{"type":"Polygon","coordinates":[[[-82.6273419996257,31.672672000237835],[-82.52139299989571,31.672512000237827],[-82.52141999965988,31.710796000100537],[-82.52025100042108,31.838388000218025],[-82.4313619996766,31.837992999882058],[-82.431530999731,31.966182000035573],[-82.48313100040535,31.968960999842547],[-82.54365499985941,31.958914000227388],[-82.64565900040849,31.91888299963245],[-82.67626000006923,31.913182000181138],[-82.74176300002044,31.876881000219377],[-82.75719199980979,31.85703099989996],[-82.8363660001326,31.816153999850705],[-82.83663300009628,31.671398000213717],[-82.6273419996257,31.672672000237835]]]},"properties":{"BASENAME":"Jeff Davis","NAME":"Jeff Davis County","STATE":"13"}},
{"type":"Feature","geometry":{"type":"Polygon","coordinates":[[[-85.38394800018551,30.566856000243202],[-85.17189099981854,30.564335999918146],[-85.16474399982481,30.608078999871204],[-84.9325190002692,30.606393000096272],[-84.90811900004782,30.619492999893563],[-84.8646930001124,30.711541999938845],[-84.91112199977067,30.75119099989345],[-84.93682400019856,30.81848899988645],[-84.9268240002698,30.846388999963217],[-84.94252500004572,30.888487999728344],[-84.98352700039152,30.93548600004161],[-85.00249899967889,31.000685000050627],[-85.24363199991734,31.000883999659987],[-85.4882979996081,30.997064000267393],[-85.49799200011338,30.99693099978939],[-85.53045300019745,30.971630000279724],[-85.53029400018882,30.939315000031065],[-85.57557399980146,30.89860100034676],[-85.59993399983988,30.830552000313258],[-85.48227600026887,30.82950900020949],[-85.48271800013474,30.785892000023747],[-85.43227400007703,30.785457000283063],[-85.43478200023056,30.567560000223608],[-85.38394800018551,30.566856000243202]]]},"properties":{"BASENAME":"Jackson","NAME":"Jackson County","STATE":"12"}},
{"type":"Feature","geometry":{"type":"Polygon","coordinates":[[[-83.2741079997838,33.187237999654165],[-83.33123199985498,33.167562000051966],[-83.42908999958505,33.1853520003346],[-83.41773999976924,33.12513599970103],[-83.35768499994522,32.92614099973242],[-83.20616000032655,32.98359699979811],[-83.18980400024944,32.9757989999587],[-83.13384699976721,33.007248000078036],[-83.07364800000316,32.946561999818634],[-83.04888799993167,32.986014999744604],[-83.06771299980424,33.02737099962929],[-83.05219699997627,33.080681999833914],[-83.1008340002124,33.04984899965151],[-83.11831699969552,33.080247000119954],[-83.09764900001636,33.15153599975996],[-83.19537299985214,33.17633600031703],[-83.2741079997838,33.187237999654165]]]},"properties":{"BASENAME":"Baldwin","NAME":"Baldwin County","STATE":"13"}},
{"type":"Feature","geometry":{"type":"Polygon","coordinates":[[[-86.19347599980014,31.19221300012804],[-85.79140200017041,31.19634899979546],[-85.78914199971399,31.617963999906284],[-86.14589499972321,31.617740999677572],[-86.1439499998094,31.537674999648374],[-86.19478399985444,31.529949000341933],[-86.19395100017631,31.44007200009779],[-86.19347599980014,31.19221300012804]]]},"properties":{"BASENAME":"Coffee","NAME":"Coffee County","STATE":"01"}},
{"type":"Feature","geometry":{"type":"Polygon","coordinates":[[[-81.1837159997688,31.2942830003763],[-81.2982319996998,31.292456000269894],[-81.36880399966151,31.318702999804927],[-81.43587400013308,31.313263000100086],[-81.46791000006972,31.338457000088205],[-81.51553999965213,31.356185999982763],[-81.5775750004484,31.39942899974917],[-81.62429000033694,31.452981999980892],[-81.66502900001869,31.399900000001836],[-81.69197699967826,31.40054499967338],[-81.70712900035649,31.349302999959214],[-81.73169400043432,31.330048000203515],[-81.77598900003288,31.176639000027937],[-81.76624099999921,31.169650000295967],[-81.68622499977745,31.12241900004433],[-81.6295469997701,31.10996000009018],[-81.55810799979508,31.120680999849185],[-81.56511599987162,31.091940000310636],[-81.52656499977795,31.063193999780808],[-81.45689300033983,31.037197000080457],[-81.42377500030472,30.99089200008732],[-81.30643499985271,30.9906440001133],[-81.34449800004977,31.01810999978988],[-81.34530599961354,31.05936200010213],[-81.29787400039783,31.08095199976563],[-81.28588099997637,31.10944400030835],[-81.29214500006323,31.15541499964095],[-81.23433700027684,31.17025800025734],[-81.18767500009174,31.246257999621694],[-81.1837159997688,31.2942830003763]]]},"properties":{"BASENAME":"Glynn","NAME":"Glynn County","STATE":"13"}},
{"type":"Feature","geometry":{"type":"Polygon","coordinates":[[[-85.38967900016992,30.20097299967231],[-85.38798500032625,30.42172399994961],[-85.38394800018551,30.566856000243202],[-85.43478200023056,30.567560000223608],[-85.48635799971713,30.567574000147204],[-85.48796799989522,30.436655000247264],[-85.85349999981753,30.440623000274137],[-85.88398400020074,30.41025299982424],[-85.9649669999949,30.410708000305732],[-85.99273599963703,30.389319999640673],[-86.00076999973555,30.10359999974367],[-85.87286000034072,30.030789999969933],[-85.80356000044829,29.978159999698324],[-85.70979000001427,29.935839999693314],[-85.631729999577,29.86457999986833],[-85.58962000009178,29.83755999976237],[-85.5702400003754,29.721019999682678],[-85.5319899996823,29.628229999741826],[-85.4708800004223,29.551410000023736],[-85.43134000011656,29.525069999864538],[-85.37285000026478,29.507010000011608],[-85.44033599976463,29.78811299962057],[-85.43433399961857,29.899989999727996],[-85.38866900004146,29.924359000086454],[-85.39138700025727,30.022674000223812],[-85.38967900016992,30.20097299967231]]]},"properties":{"BASENAME":"Bay","NAME":"Bay County","STATE":"12"}},
{"type":"Feature","geometry":{"type":"Polygon","coordinates":[[[-82.0485820004478,31.8270750001566],[-82.13301300020375,31.773404000355224],[-82.13279399992065,31.471261999635857],[-82.09051000035814,31.480009000333535],[-82.05491900032962,31.45549499983983],[-82.05601700032159,31.408289000205077],[-82.04112900013232,31.373721000052466],[-81.9232380000345,31.34587500017855],[-81.80105200005306,31.363736999757847],[-81.73169400043432,31.330048000203515],[-81.70712900035649,31.349302999959214],[-81.69197699967826,31.40054499967338],[-81.66502900001869,31.399900000001836],[-81.62429000033694,31.452981999980892],[-81.61225099988474,31.468298000057544],[-81.6581799999508,31.510147000247773],[-81.6632060003036,31.538667000120753],[-81.69589900019126,31.55297400022316],[-81.70115599962443,31.579952000298903],[-81.73683899971448,31.60843400020167],[-81.77070800031026,31.616851999794193],[-81.8239209997391,31.65180900003354],[-81.90496399980773,31.724303000324063],[-81.91214599996155,31.754240999654282],[-81.96905199957453,31.789324000291128],[-81.98194100032163,31.78440499972602],[-82.0485820004478,31.8270750001566]]]},"properties":{"BASENAME":"Wayne","NAME":"Wayne County","STATE":"13"}},
{"type":"Feature","geometry":{"type":"Polygon","coordinates":[[[-80.86970499997979,32.660934999632246],[-80.83154300004855,32.5933879996534],[-80.84773300044431,32.53005700025873],[-80.82022800039283,32.490787999719956],[-80.84772900024635,32.42899099987345],[-80.84145799958847,32.385064000242366],[-80.89205399998215,32.35373100000314],[-80.92188300006413,32.351834000284086],[-80.93494000014239,32.30010800017561],[-81.00636900007167,32.306520999678455],[-80.99565299974236,32.26199800037135],[-81.01621199964158,32.2418909998935],[-81.00013799959676,32.19612199973439],[-80.96479099996569,32.18537800000555],[-80.94219599991605,32.13697500024916],[-80.91261899972915,32.12759500007691],[-80.90811100030851,32.07817200017326],[-80.74553599955138,32.07866700001099],[-80.6647200001618,32.14260699996797],[-80.58498500014741,32.16258900036559],[-80.54893299998643,32.19205300001539],[-80.52382399993549,32.23459199986887],[-80.45933199993763,32.26222100006971],[-80.39232699976341,32.28031699996422],[-80.37482500001371,32.34245299971645],[-80.3057109998941,32.3975890001935],[-80.46447899976594,32.47992000031613],[-80.50294399964591,32.49565200021795],[-80.53648299963048,32.52922400013111],[-80.55150399988916,32.56576900014365],[-80.58282299960031,32.566198999856105],[-80.64426300036982,32.594421999621844],[-80.68485300008865,32.656096999748584],[-80.73924300005051,32.68230400018557],[-80.77123200013148,32.67692700002127],[-80.82626499980067,32.70424999968054],[-80.86970499997979,32.660934999632246]]]},"properties":{"BASENAME":"Beaufort","NAME":"Beaufort County","STATE":"45"}},
{"type":"Feature","geometry":{"type":"Polygon","coordinates":[[[-86.37497400033917,32.75358000005997],[-86.41333499956373,32.750590999790674],[-86.41117200009002,32.40993700014922],[-86.39839799986898,32.42694099975605],[-86.34446999986449,32.4326360000514],[-86.30798400023353,32.46700799999208],[-86.23706800031526,32.49497999994016],[-86.1980750003557,32.451379999784805],[-86.11632900030527,32.41702599973623],[-86.04640199970072,32.40614599993295],[-86.02301199960777,32.41997799970307],[-85.97434400030781,32.446274999671026],[-85.89442000014756,32.447577999637154],[-85.88614800039768,32.493052999871],[-85.89455900006475,32.603131999872076],[-85.88774699980677,32.6476100000591],[-85.91171400038311,32.67784000022624],[-85.87986000002135,32.75452800003583],[-86.00718699998329,32.754983999671815],[-86.37497400033917,32.75358000005997]]]},"properties":{"BASENAME":"Elmore","NAME":"Elmore County","STATE":"01"}},
{"type":"Feature","geometry":{"type":"Polygon","coordinates":[[[-83.14048300029808,31.42039500035561],[-83.10342400038171,31.357849000188075],[-83.07560299996273,31.347272000279187],[-83.04698800022366,31.282965999670072],[-83.04688500029151,31.183679999978008],[-82.97124699979403,31.183987999728124],[-82.67166899990964,31.183738999955303],[-82.70105000027796,31.223216999859],[-82.69920599974816,31.27810400018559],[-82.66358399975748,31.287913000017674],[-82.62962200017358,31.27472600026396],[-82.62897500026831,31.36393000026601],[-82.81754399973474,31.364486000258054],[-82.84409300008446,31.403327999838385],[-82.95806099984434,31.402997999967116],[-82.95851899960375,31.417273999766866],[-83.14048300029808,31.42039500035561]]]},"properties":{"BASENAME":"Atkinson","NAME":"Atkinson County","STATE":"13"}},
{"type":"Feature","geometry":{"type":"Polygon","coordinates":[[[-81.6802150001338,30.121240000190184],[-81.62381300031096,30.133640999968275],[-81.5390090002861,30.119941999862597],[-81.53870700016232,30.103748000161872],[-81.4337369997003,30.10602800004041],[-81.43692899956905,30.252334999683164],[-81.32018499986702,30.25292000014186],[-81.33538100002785,30.36129200027564],[-81.3215630002415,30.37857400033312],[-81.32487700030897,30.42473500004231],[-81.35357400006377,30.44666000006421],[-81.3587929998621,30.501503999944152],[-81.43369700041565,30.506565999734658],[-81.47993899957785,30.533454000287538],[-81.49957500028557,30.563792999851117],[-81.54301799993945,30.523888999963912],[-81.57721800007303,30.538036999897262],[-81.6245129999197,30.586231999823216],[-81.67212800033184,30.562319000018846],[-81.71594000005663,30.571235999842674],[-81.73816799968516,30.534882999983388],[-81.79491799966253,30.50540599965654],[-81.83122699974147,30.467436999959855],[-82.04923600002577,30.273431999654903],[-82.04941099992796,30.186932999706578],[-81.67962599995484,30.190494999615918],[-81.69181500019486,30.142338999686736],[-81.6802150001338,30.121240000190184]]]},"properties":{"BASENAME":"Duval","NAME":"Duval County","STATE":"12"}},
{"type":"Feature","geometry":{"type":"Polygon","coordinates":[[[-85.41643699985866,31.619465999783472],[-85.4160379996505,31.706663999976072],[-85.21607599981225,31.7024090003795],[-85.2060340000507,31.74181300026077],[-85.15123599965985,31.77436400032953],[-85.12732900025628,31.76256300012289],[-85.14113000032421,31.780462999621786],[-85.1312309997795,31.815261999856286],[-85.14073100011603,31.857460999773863],[-85.06592899966975,31.971157999906907],[-85.06823000013404,31.991856999894186],[-85.05507500014649,32.010713999891266],[-85.05602900019845,32.06305500034721],[-85.1850669997225,32.061708000054246],[-85.2454949998154,32.119142999812034],[-85.25774699980465,32.14825099987839],[-85.41024100044217,32.14665100023129],[-85.42744199989299,32.139350000033],[-85.42847600031088,32.01495100025112],[-85.51264299957788,32.01405499974113],[-85.51235999972066,31.999694000330514],[-85.58734399974183,31.99735499999708],[-85.60476900039697,31.960852000034762],[-85.64876699989459,31.911615000271937],[-85.65766800000644,31.880274999807952],[-85.67767200006186,31.85224400037291],[-85.66269199981109,31.78331900007884],[-85.70072300022109,31.742386999882136],[-85.71696100029743,31.655071000108283],[-85.74825099969627,31.618047999881362],[-85.41643699985866,31.619465999783472]]]},"properties":{"BASENAME":"Barbour","NAME":"Barbour County","STATE":"01"}},
{"type":"Feature","geometry":{"type":"Polygon","coordinates":[[[-82.41724599996441,31.417118999731063],[-82.4015119996782,31.430291999895513],[-82.34484299989168,31.430130000129775],[-82.22658500027106,31.530699000202056],[-82.24069199976242,31.55562199969084],[-82.318076999807,31.59428599985319],[-82.34852600003009,31.620661000146825],[-82.4075089998014,31.639199999755157],[-82.47272499969742,31.680156999619832],[-82.49586600026834,31.710588000117486],[-82.52141999965988,31.710796000100537],[-82.52139299989571,31.672512000237827],[-82.6273419996257,31.672672000237835],[-82.62827300011143,31.558329000040068],[-82.59628300020553,31.5578990003072],[-82.59750900024406,31.469293000306802],[-82.49471800004761,31.468689999812703],[-82.4814600001279,31.417533999721677],[-82.41724599996441,31.417118999731063]]]},"properties":{"BASENAME":"Bacon","NAME":"Bacon County","STATE":"13"}},
{"type":"Feature","geometry":{"type":"Polygon","coordinates":[[[-83.50070199981242,31.59399000017083],[-83.47092999963185,31.555957000005982],[-83.42083999957646,31.553564999905813],[-83.39726000041105,31.53162399967162],[-83.38219200029671,31.48709700023761],[-83.33872799982815,31.47599099969216],[-83.14558699957037,31.472275999963085],[-83.11166000014657,31.478229000350595],[-83.0600429997538,31.565493000237637],[-83.05880699966954,31.611211999994644],[-82.99836000020836,31.673163999982336],[-83.1763759995521,31.67838199966449],[-83.17721800034937,31.651691000122945],[-83.26636300028858,31.654203000122585],[-83.26563600001735,31.679859000380066],[-83.32561700022153,31.680602999835],[-83.32529599983116,31.756584000152667],[-83.45363399974647,31.75786099989223],[-83.45295699970397,31.7089539998427],[-83.49067199974647,31.696093000048556],[-83.49164699971482,31.619410000151777],[-83.50070199981242,31.59399000017083]]]},"properties":{"BASENAME":"Irwin","NAME":"Irwin County","STATE":"13"}},
{"type":"Feature","geometry":{"type":"Polygon","coordinates":[[[-82.92060799974266,29.824142999774114],[-82.94762300024769,29.766112999769312],[-82.93853800001284,29.74448699995709],[-82.95767699970479,29.698255000333226],[-82.95698899979162,29.638878000246855],[-82.9730539996156,29.624281000026407],[-82.93732899969278,29.591195999999528],[-82.85651800032603,29.584242999871098],[-82.77291000020247,29.584878999887557],[-82.75645799986587,29.562466999651743],[-82.65630100021964,29.564810999754737],[-82.65855400010506,29.830144000212293],[-82.69366800010759,29.83421599996044],[-82.73623700007545,29.860132999866995],[-82.75364599993873,29.893499000183446],[-82.80047700017823,29.932125999825086],[-82.8642460001028,29.90983600018728],[-82.87980200011376,29.886847000287865],[-82.8756160000101,29.86652699998329],[-82.90395600028783,29.82429399966646],[-82.91870800003468,29.824083000021947],[-82.92060799974266,29.824142999774114]]]},"properties":{"BASENAME":"Gilchrist","NAME":"Gilchrist County","STATE":"12"}},
{"type":"Feature","geometry":{"type":"Polygon","coordinates":[[[-85.1841310001122,32.870525000153016],[-85.15485500022417,32.83968900019295],[-85.1656350001276,32.8082220003142],[-85.12232600036803,32.774382999785594],[-85.13503799976648,32.746529999666556],[-85.10543200016556,32.644933999967165],[-85.08078400024706,32.608071999843034],[-84.90769300007547,32.60760800008343],[-84.90788300004628,32.58343300009301],[-84.69460300001383,32.58394499971759],[-84.69242799994625,32.82939299993652],[-84.70053800021273,32.84464000023559],[-84.76787399992477,32.86771099969948],[-84.86176800020735,32.87249499978209],[-84.861855000246,32.868617000173785],[-85.1841310001122,32.870525000153016]]]},"properties":{"BASENAME":"Harris","NAME":"Harris County","STATE":"13"}},
{"type":"Feature","geometry":{"type":"Polygon","coordinates":[[[-81.541831000259,33.04565399972241],[-81.76755300025144,32.90941099966548],[-81.86793800040161,32.681149999983596],[-81.84100499991236,32.649093000158814],[-81.8270969997143,32.65264100011697],[-81.68792700001704,32.546069999774645],[-81.63931999991811,32.532513000023265],[-81.5480059997591,32.489286000294264],[-81.5385580001994,32.509059000047486],[-81.38920500027528,32.595415999978826],[-81.41866000026346,32.62939200031224],[-81.39303300017866,32.65154199993183],[-81.42750500029881,32.70224199973703],[-81.4050540001892,32.74495699983588],[-81.42333099989071,32.77851199989723],[-81.42647500007885,32.8407729998518],[-81.45706099967099,32.85038900011175],[-81.48319800029206,32.921801999857216],[-81.50271600010069,32.93868799988941],[-81.49189900038736,33.00669399966502],[-81.541831000259,33.04565399972241]]]},"properties":{"BASENAME":"Screven","NAME":"Screven County","STATE":"13"}},
{"type":"Feature","geometry":{"type":"Polygon","coordinates":[[[-84.95864000009841,31.777854000107105],[-85.14113000032421,31.780462999621786],[-85.12732900025628,31.76256300012289],[-85.12592999996541,31.69626499985857],[-85.05747299979683,31.61862399985351],[-85.05795999986856,31.570839999749012],[-85.04549500034231,31.517129000024664],[-85.02922700012874,31.486071000166252],[-84.93587599999438,31.50260099974724],[-84.81980699978673,31.50119200031044],[-84.81784299960633,31.619771000054403],[-84.94235299961827,31.618668999748973],[-84.95932399981362,31.713378000234073],[-84.95864000009841,31.777854000107105]]]},"properties":{"BASENAME":"Clay","NAME":"Clay County","STATE":"13"}},
{"type":"Feature","geometry":{"type":"Polygon","coordinates":[[[-83.36725999972651,30.260439999628865],[-83.37089000016148,29.887934000167842],[-83.35298599983057,29.887859000098906],[-83.35286000033219,29.822222000059842],[-83.31885900039023,29.82262300014612],[-82.92060799974266,29.824142999774114],[-82.91870800003468,29.824083000021947],[-82.90395600028783,29.82429399966646],[-82.8756160000101,29.86652699998329],[-82.87980200011376,29.886847000287865],[-82.91210099981613,29.904835999866414],[-82.93078199974867,29.9573990001803],[-82.9631120003115,29.993050000116387],[-83.0031920003924,30.010795000119415],[-83.01329299970516,30.032123000153774],[-83.06652899959852,30.065373000101904],[-83.07163399959404,30.08215099976406],[-83.1624570003817,30.11002199983968],[-83.18485800026258,30.094221999953934],[-83.22636000020057,30.11462100019876],[-83.2329790001147,30.1687280000057],[-83.24885099959484,30.18393099982474],[-83.24725300001063,30.260669999715763],[-83.36725999972651,30.260439999628865]]]},"properties":{"BASENAME":"Lafayette","NAME":"Lafayette County","STATE":"12"}},
{"type":"Feature","geometry":{"type":"Polygon","coordinates":[[[-82.40912999985011,32.35373799973798],[-82.43912799998651,32.29260699984822],[-82.44112399995396,32.2179980001559],[-82.48313100040535,31.968960999842547],[-82.431530999731,31.966182000035573],[-82.37241999991319,31.941455999746005],[-82.29158299970887,31.942398000229346],[-82.22504200004012,31.913073999997003],[-82.20441700001867,32.07677399997786],[-82.18272699961717,32.160441999974736],[-82.22945699957434,32.28389699966933],[-82.23278800025855,32.31883799997256],[-82.27984499955554,32.29418199982004],[-82.3545459997195,32.2921939999308],[-82.35637799965542,32.313494000339695],[-82.40911800015456,32.35383000021417],[-82.40912999985011,32.35373799973798]]]},"properties":{"BASENAME":"Toombs","NAME":"Toombs County","STATE":"13"}},
{"type":"Feature","geometry":{"type":"Polygon","coordinates":[[[-83.35768499994522,32.92614099973242],[-83.40699000000305,32.898220000073174],[-83.2428509999969,32.608759999915335],[-83.22653599992766,32.58420099994721],[-83.04079199990888,32.67333900019741],[-82.9570659997845,32.70831800026568],[-82.94696600029665,32.75935799964252],[-82.95435799961444,32.8017599998331],[-82.97866599977432,32.84425399993021],[-83.02703600004678,32.856133000230415],[-83.07364800000316,32.946561999818634],[-83.13384699976721,33.007248000078036],[-83.18980400024944,32.9757989999587],[-83.20616000032655,32.98359699979811],[-83.35768499994522,32.92614099973242]]]},"properties":{"BASENAME":"Wilkinson","NAME":"Wilkinson County","STATE":"13"}},
{"type":"Feature","geometry":{"type":"Polygon","coordinates":[[[-81.95764099965936,28.345180000280134],[-81.85751199960222,28.34596499977524],[-81.8576239997552,28.361867999651714],[-81.79088700026789,28.361836999950665],[-81.79072700043432,28.34641300031992],[-81.65726799973166,28.347098000130103],[-81.65859699970233,28.766442000109162],[-81.64651299994259,28.785871999706032],[-81.41468199967395,28.78556400027463],[-81.41965100012534,28.81551300023922],[-81.36693999993852,28.8792270002207],[-81.35286100003626,28.897500000129597],[-81.354554000055,28.984374999954085],[-81.40285499983216,29.03246900001489],[-81.43221000026124,29.044419999929616],[-81.46635099994528,29.09670300025981],[-81.5020549999517,29.097802000202506],[-81.53257600014483,29.17761499967103],[-81.5609049996536,29.200190000303188],[-81.6123399995732,29.202943000191404],[-81.6419159999352,29.276765999610365],[-81.63869599957906,29.047759999644107],[-81.65919699975194,29.047759999644107],[-81.65869799998465,28.96034500005241],[-81.95419000022285,28.96005299974512],[-81.95407200022207,28.580684000288766],[-81.95764099965936,28.345180000280134]]]},"properties":{"BASENAME":"Lake","NAME":"Lake County","STATE":"12"}},
{"type":"Feature","geometry":{"type":"Polygon","coordinates":[[[-83.61557900031676,32.28855599998247],[-83.60639699999753,32.288434999710105],[-83.60854699995078,32.11840500000523],[-83.43565699962062,32.117243999996354],[-83.41644000011088,32.13307599989517],[-83.3611129998155,32.1240919996908],[-83.33731299964374,32.10588500001042],[-83.30468500005341,32.1332000003553],[-83.32480499956148,32.150367000206316],[-83.29110599974332,32.17882499974799],[-83.37393100041749,32.249740999856996],[-83.34652799957493,32.272489000143615],[-83.49803899984822,32.40171499977312],[-83.52374499957573,32.40218600037305],[-83.61557900031676,32.28855599998247]]]},"properties":{"BASENAME":"Pulaski","NAME":"Pulaski County","STATE":"13"}},
{"type":"Feature","geometry":{"type":"Polygon","coordinates":[[[-82.99836000020836,31.673163999982336],[-83.05880699966954,31.611211999994644],[-83.0600429997538,31.565493000237637],[-83.11166000014657,31.478229000350595],[-83.14558699957037,31.472275999963085],[-83.14048300029808,31.42039500035561],[-82.95851899960375,31.417273999766866],[-82.95806099984434,31.402997999967116],[-82.84409300008446,31.403327999838385],[-82.81754399973474,31.364486000258054],[-82.62897500026831,31.36393000026601],[-82.62818100004993,31.469351000191473],[-82.59750900024406,31.469293000306802],[-82.59628300020553,31.5578990003072],[-82.62827300011143,31.558329000040068],[-82.6273419996257,31.672672000237835],[-82.83663300009628,31.671398000213717],[-82.8363660001326,31.816153999850705],[-82.87361500001977,31.78193999983398],[-82.97831000012216,31.793200999942602],[-82.99569800006905,31.780983000136025],[-82.99836000020836,31.673163999982336]]]},"properties":{"BASENAME":"Coffee","NAME":"Coffee County","STATE":"13"}},
{"type":"Feature","geometry":{"type":"Polygon","coordinates":[[[-82.62897500026831,31.36393000026601],[-82.62962200017358,31.27472600026396],[-82.66358399975748,31.287913000017674],[-82.69920599974816,31.27810400018559],[-82.70105000027796,31.223216999859],[-82.67166899990964,31.183738999955303],[-82.59207100016262,31.018487000358576],[-82.55033900007085,31.000404000107782],[-82.52012400019949,30.96313199990653],[-82.49055799988324,30.96316600035048],[-82.4922040000463,30.83256399975567],[-82.43585199955388,30.820067999744595],[-82.4308620000844,30.61284800007083],[-82.41891399986879,30.581766999740577],[-82.21467700023841,30.568556000025172],[-82.14987200024612,30.78433599986072],[-82.17815999974701,30.790952999784494],[-82.42044200003112,30.79522900016579],[-82.41560300017436,31.013590000192004],[-82.13169799957846,31.01071399988236],[-82.20826199964048,31.084767999999006],[-82.20873199999376,31.170938000151903],[-82.2842559997901,31.192195999706563],[-82.28456100028696,31.224449000381615],[-82.31503999974896,31.22595800022853],[-82.38370500032998,31.291143000044325],[-82.389451000383,31.364904999887624],[-82.41724599996441,31.417118999731063],[-82.4814600001279,31.417533999721677],[-82.49471800004761,31.468689999812703],[-82.59750900024406,31.469293000306802],[-82.62818100004993,31.469351000191473],[-82.62897500026831,31.36393000026601]]]},"properties":{"BASENAME":"Ware","NAME":"Ware County","STATE":"13"}},
{"type":"Feature","geometry":{"type":"Polygon","coordinates":[[[-85.06823000013404,31.991856999894186],[-85.06592899966975,31.971157999906907],[-85.14073100011603,31.857460999773863],[-85.1312309997795,31.815261999856286],[-85.14113000032421,31.780462999621786],[-84.95864000009841,31.777854000107105],[-84.91033799959803,31.776840999983026],[-84.90700599998722,31.924465000031255],[-84.97370099964174,31.959299000100085],[-85.04202899993888,31.97565799966579],[-85.06823000013404,31.991856999894186]]]},"properties":{"BASENAME":"Quitman","NAME":"Quitman County","STATE":"13"}},
{"type":"Feature","geometry":{"type":"Polygon","coordinates":[[[-82.31169700026749,28.960390999842687],[-82.27358499966662,28.89721599962297],[-82.18260199994371,28.82178500005253],[-82.17140199991573,28.78984799980045],[-82.24907599966531,28.717772000252015],[-82.26305199963541,28.667634000358735],[-82.2583750001604,28.63347800013264],[-82.1970979995975,28.575508000297397],[-82.13802500031284,28.56551600023117],[-82.09192100034458,28.523250000276498],[-82.05446900006781,28.52136700010172],[-82.05578700016784,28.31309599964361],[-82.00764200002627,28.323204999925597],[-81.9578049996909,28.308887999995978],[-81.95764099965936,28.345180000280134],[-81.95407200022207,28.580684000288766],[-81.95419000022285,28.96005299974512],[-82.31169700026749,28.960390999842687]]]},"properties":{"BASENAME":"Sumter","NAME":"Sumter County","STATE":"12"}},
{"type":"Feature","geometry":{"type":"Polygon","coordinates":[[[-84.8646930001124,30.711541999938845],[-84.90811900004782,30.619492999893563],[-84.9325190002692,30.606393000096272],[-84.88331600031862,30.60558900004663],[-84.88261599981158,30.533094000068818],[-84.81581599967674,30.533093000382276],[-84.78181300008497,30.518693000334768],[-84.78111099992809,30.459793999882738],[-84.71409700043134,30.460401000269947],[-84.71412400019553,30.41719899979508],[-84.6806320000666,30.38797299998185],[-84.64640799964357,30.388281000059006],[-84.52060600036917,30.45117699997864],[-84.420473999939,30.46390500000137],[-84.3714030002329,30.58110700006092],[-84.33670699980676,30.596798000232386],[-84.30058299967575,30.640068000280273],[-84.28255899969423,30.68533400015695],[-84.38070500020271,30.689993000210205],[-84.47440899961619,30.69279300025232],[-84.86346500042406,30.71149399986396],[-84.8646930001124,30.711541999938845]]]},"properties":{"BASENAME":"Gadsden","NAME":"Gadsden County","STATE":"12"}},
{"type":"Feature","geometry":{"type":"Polygon","coordinates":[[[-84.70053800021273,32.84464000023559],[-84.57066899976208,32.84517899981831],[-84.50688800014194,32.88178799987962],[-84.52799000018936,32.92789699990151],[-84.52702000024388,32.970548000274746],[-84.53683199985164,33.00935899993512],[-84.52274899975141,33.06133500003009],[-84.52871800028551,33.09796000012125],[-84.4967829997329,33.18386599995885],[-84.5023520002339,33.22105500013652],[-84.85235999993232,33.223589999987176],[-84.86235900003614,33.19117299971951],[-84.86452400005798,32.96082199993714],[-84.86176800020735,32.87249499978209],[-84.76787399992477,32.86771099969948],[-84.70053800021273,32.84464000023559]]]},"properties":{"BASENAME":"Meriwether","NAME":"Meriwether County","STATE":"13"}},
{"type":"Feature","geometry":{"type":"Polygon","coordinates":[[[-80.40132199958654,32.858531999978695],[-80.38952599970692,32.89043100016384],[-80.41881300036391,32.9672640000476],[-80.40222600030812,33.05323799964909],[-80.533180000332,33.06859000005237],[-80.59148799971058,33.05781999986209],[-80.62381499990036,33.066926999632905],[-80.67357199986981,33.1080209997975],[-80.70665800011787,33.1548209997059],[-80.79029600037867,33.18083999995321],[-80.79791200000244,33.17694400022463],[-80.89542599977592,33.12534800027883],[-80.87666799985048,33.093367000297214],[-80.89607400040445,33.06140999979695],[-80.93715700004277,33.1025839998044],[-81.08229100025127,33.026630000205316],[-81.02963000029318,32.97391200034695],[-80.98670300012503,32.90067399970909],[-80.94597500031395,32.87660999964743],[-80.90019600003569,32.832812999785084],[-80.82626499980067,32.70424999968054],[-80.77123200013148,32.67692700002127],[-80.73924300005051,32.68230400018557],[-80.68485300008865,32.656096999748584],[-80.64426300036982,32.594421999621844],[-80.58282299960031,32.566198999856105],[-80.55150399988916,32.56576900014365],[-80.53648299963048,32.52922400013111],[-80.50294399964591,32.49565200021795],[-80.46447899976594,32.47992000031613],[-80.3057109998941,32.3975890001935],[-80.26364499989151,32.429579000019956],[-80.22358999992495,32.48256499980579],[-80.25352299976402,32.530210000354465],[-80.28477999955089,32.52963800028624],[-80.35129799965341,32.49865999967662],[-80.39367699965047,32.56330499977914],[-80.4158909999336,32.69474499987088],[-80.45355300027266,32.74050100007845],[-80.43595899956316,32.78773700003432],[-80.40774999970498,32.81083799988401],[-80.40132199958654,32.858531999978695]]]},"properties":{"BASENAME":"Colleton","NAME":"Colleton County","STATE":"45"}},
{"type":"Feature","geometry":{"type":"Polygon","coordinates":[[[-83.4801760004235,31.847311999917125],[-83.45363399974647,31.75786099989223],[-83.32529599983116,31.756584000152667],[-83.32561700022153,31.680602999835],[-83.26563600001735,31.679859000380066],[-83.26636300028858,31.654203000122585],[-83.17721800034937,31.651691000122945],[-83.1763759995521,31.67838199966449],[-82.99836000020836,31.673163999982336],[-82.99569800006905,31.780983000136025],[-83.02796599980928,31.77829100036642],[-83.17746900041953,31.847857000283277],[-83.20963800042557,31.844646000200683],[-83.4801760004235,31.847311999917125]]]},"properties":{"BASENAME":"Ben Hill","NAME":"Ben Hill County","STATE":"13"}},
{"type":"Feature","geometry":{"type":"Polygon","coordinates":[[[-82.45836399976284,30.136449000251606],[-82.35939499962197,30.141041000195848],[-82.1425779999393,30.143116999741398],[-82.04942500017167,30.143135999679977],[-82.04941099992796,30.186932999706578],[-82.04923600002577,30.273431999654903],[-82.04995800027413,30.36247199973899],[-82.10501799970748,30.368817000223196],[-82.1701969997936,30.358971999773594],[-82.19259600002468,30.378831000130557],[-82.21073299998407,30.425640000103154],[-82.20124000021856,30.48511399971443],[-82.24040300005743,30.53777000010055],[-82.21467700023841,30.568556000025172],[-82.41891399986879,30.581766999740577],[-82.45979300019094,30.584267000155105],[-82.45707300032531,30.442756999948855],[-82.45836399976284,30.136449000251606]]]},"properties":{"BASENAME":"Baker","NAME":"Baker County","STATE":"12"}},
{"type":"Feature","geometry":{"type":"Polygon","coordinates":[[[-83.04688500029151,31.183679999978008],[-83.0382460001205,31.146704999885163],[-83.16507199976704,31.147198000144],[-83.16726899957595,31.06247300033122],[-83.1978759999828,31.062209999725557],[-83.19797100041734,31.025404999773293],[-83.1806219999302,31.025487999709487],[-83.17946500038698,30.95012799967494],[-83.04292400031873,30.94729600002022],[-83.02049099975251,30.901364000215054],[-83.01941899969977,30.849452999865974],[-82.9713360003808,30.86939200026933],[-82.97124699979403,31.183987999728124],[-83.04688500029151,31.183679999978008]]]},"properties":{"BASENAME":"Lanier","NAME":"Lanier County","STATE":"13"}},
{"type":"Feature","geometry":{"type":"Polygon","coordinates":[[[-81.93600600040777,31.04799300027446],[-81.9111779996659,31.09706299964401],[-81.84067100000152,31.097664999786307],[-81.81906599998884,31.136504000232627],[-81.76624099999921,31.169650000295967],[-81.77598900003288,31.176639000027937],[-81.73169400043432,31.330048000203515],[-81.80105200005306,31.363736999757847],[-81.9232380000345,31.34587500017855],[-82.04112900013232,31.373721000052466],[-82.01180200019066,31.316986000050534],[-82.00810200033382,31.279649999940922],[-82.09271999968753,31.276119000218806],[-82.14551500043825,31.252375000102393],[-82.1568069996294,31.219071999789357],[-82.19482399979572,31.20759000012901],[-82.28456100028696,31.224449000381615],[-82.2842559997901,31.192195999706563],[-82.20873199999376,31.170938000151903],[-82.20826199964048,31.084767999999006],[-82.13169799957846,31.01071399988236],[-82.08120699966508,31.010630000038116],[-82.06087000042203,31.075809000072383],[-81.93600600040777,31.04799300027446]]]},"properties":{"BASENAME":"Brantley","NAME":"Brantley County","STATE":"13"}},
{"type":"Feature","geometry":{"type":"Polygon","coordinates":[[[-84.24818500038171,33.189018999724595],[-84.24865900003464,33.039329999926395],[-84.26916900042836,33.03143799983945],[-84.27014000019875,32.99101100029819],[-84.12224599994165,32.988673000113685],[-84.1233399997357,32.93218399972269],[-84.05417499956248,32.931496999965894],[-84.04411299970944,32.94787399974304],[-84.04149800032413,33.202629000011825],[-84.12376700043126,33.20282400030396],[-84.1239809997932,33.17862000011616],[-84.22427700025492,33.17938800013581],[-84.24818500038171,33.189018999724595]]]},"properties":{"BASENAME":"Lamar","NAME":"Lamar County","STATE":"13"}},
{"type":"Feature","geometry":{"type":"Polygon","coordinates":[[[-82.94696600029665,32.75935799964252],[-82.80245600042723,32.80975600026875],[-82.7683650000736,32.76910799995244],[-82.6807569996192,32.7967600002396],[-82.65685600006343,32.78795900001583],[-82.56055499990966,32.820055999660816],[-82.52105200031215,32.82235599966424],[-82.51085099964365,32.91775399997793],[-82.53935199957989,32.94775199969323],[-82.5479129999331,33.00853299996659],[-82.59767099972746,33.03246299972837],[-82.64156899966598,33.08439200006225],[-82.66191699967801,33.12633100035693],[-82.73948300037087,33.17436799969054],[-82.7334379996688,33.20812300010918],[-82.74831099978945,33.23834799988396],[-82.77799500010649,33.238427999709344],[-82.85504600024024,33.19642700002752],[-82.8888660004322,33.13860299989029],[-82.92667400036113,33.11626999983012],[-82.9701379999314,33.109280000239806],[-83.00874000007869,33.08084899991572],[-83.05219699997627,33.080681999833914],[-83.06771299980424,33.02737099962929],[-83.04888799993167,32.986014999744604],[-83.07364800000316,32.946561999818634],[-83.02703600004678,32.856133000230415],[-82.97866599977432,32.84425399993021],[-82.95435799961444,32.8017599998331],[-82.94696600029665,32.75935799964252]]]},"properties":{"BASENAME":"Washington","NAME":"Washington County","STATE":"13"}},
{"type":"Feature","geometry":{"type":"Polygon","coordinates":[[[-84.81784299960633,31.619771000054403],[-84.65651700025057,31.619981000362156],[-84.6492969995636,31.643669999829687],[-84.5865960003921,31.637386999959112],[-84.54685400042001,31.62119899983937],[-84.5355270001704,31.681828000237704],[-84.57032900000344,31.76066199985571],[-84.60308600036353,31.77200100030623],[-84.5997759995957,31.92017100017633],[-84.65582000011656,31.92030799966787],[-84.90700599998722,31.924465000031255],[-84.91033799959803,31.776840999983026],[-84.95864000009841,31.777854000107105],[-84.95932399981362,31.713378000234073],[-84.94235299961827,31.618668999748973],[-84.81784299960633,31.619771000054403]]]},"properties":{"BASENAME":"Randolph","NAME":"Randolph County","STATE":"13"}},
{"type":"Feature","geometry":{"type":"Polygon","coordinates":[[[-83.70108999962304,32.69159800013318],[-83.7186309997308,32.6349829996977],[-83.71985900031746,32.53176000031896],[-83.74900700015895,32.50524799969887],[-83.79769399972551,32.496568000317794],[-83.79771200016717,32.44699000013254],[-83.84667599974316,32.468514000025145],[-83.83667300033967,32.43930799978816],[-83.84837899980764,32.290969999699435],[-83.61557900031676,32.28855599998247],[-83.52374499957573,32.40218600037305],[-83.49803899984822,32.40171499977312],[-83.49792300039557,32.45219800010014],[-83.49217999981728,32.48676300029738],[-83.53253199988474,32.51627300025406],[-83.54800199968197,32.57295499963901],[-83.53505299955876,32.58656800009385],[-83.56312500004789,32.659813000011404],[-83.59765599971927,32.664338000197695],[-83.67394199994693,32.67695800013572],[-83.70115200044565,32.692168999923275],[-83.70108999962304,32.69159800013318]]]},"properties":{"BASENAME":"Houston","NAME":"Houston County","STATE":"13"}},
{"type":"Feature","geometry":{"type":"Polygon","coordinates":[[[-80.98724999957291,28.61299699973892],[-80.96446600027568,28.6129919999643],[-80.9678949999709,28.79019699961049],[-80.663460999613,28.790587999943284],[-80.7638769997253,28.937764000347297],[-80.87481499999816,29.105967999782],[-80.9068359998662,29.144705999849982],[-81.04570599998782,29.4324619998861],[-81.11102300016618,29.426900999698063],[-81.15588100000444,29.41095400030997],[-81.15008100042307,29.26595699988114],[-81.4172900002849,29.261155999622535],[-81.42074499991938,29.399645000274468],[-81.43399199996844,29.398551999649328],[-81.45089200001868,29.378464000333537],[-81.68090300004697,29.324430000208128],[-81.6419159999352,29.276765999610365],[-81.6123399995732,29.202943000191404],[-81.5609049996536,29.200190000303188],[-81.53257600014483,29.17761499967103],[-81.5020549999517,29.097802000202506],[-81.46635099994528,29.09670300025981],[-81.43221000026124,29.044419999929616],[-81.40285499983216,29.03246900001489],[-81.354554000055,28.984374999954085],[-81.35286100003626,28.897500000129597],[-81.36693999993852,28.8792270002207],[-81.32047299974711,28.834530000392974],[-81.22600299970435,28.832629999755852],[-81.21371700027825,28.804212000063107],[-81.17757600042881,28.78586999994782],[-81.13786299987072,28.791293999930897],[-81.10574999994118,28.828541000080207],[-81.06741300010773,28.812988999990814],[-81.05308700033326,28.773557000347264],[-81.0611099996628,28.75000099995711],[-81.01664600000984,28.69303700016999],[-80.98724999957291,28.61299699973892]]]},"properties":{"BASENAME":"Volusia","NAME":"Volusia County","STATE":"12"}},
{"type":"Feature","geometry":{"type":"Polygon","coordinates":[[[-86.00718699998329,32.754983999671815],[-86.00917000043027,33.09025999973136],[-86.0093129996471,33.10464199977637],[-86.17436999972017,33.10439400014496],[-86.49102900030312,33.10294399997341],[-86.51210600023619,33.0858759996861],[-86.52228299971694,33.00439500025087],[-86.51595900025393,32.929360999923226],[-86.47871100019165,32.872658999651826],[-86.44762799958373,32.85112900019996],[-86.45701499994236,32.81389899989314],[-86.37497400033917,32.75358000005997],[-86.00718699998329,32.754983999671815]]]},"properties":{"BASENAME":"Coosa","NAME":"Coosa County","STATE":"01"}},
{"type":"Feature","geometry":{"type":"Polygon","coordinates":[[[-80.40132199958654,32.858531999978695],[-80.29962199970942,32.851418000272936],[-80.15726500016628,32.81818700018405],[-80.16349400009305,32.85454400014619],[-80.14479300006901,32.88756300015124],[-80.1042679997492,32.89342300023217],[-80.07980399995373,32.92818600000903],[-80.16762199957208,33.00255700003425],[-80.16425200032643,33.03229400019719],[-80.33594000000917,33.14546300005459],[-80.29757700023649,33.181837999935425],[-80.33081800029522,33.19842400004826],[-80.34840700008355,33.248922000190504],[-80.39420999975293,33.26466300000405],[-80.42709199978651,33.257761999939035],[-80.48457800025595,33.28003399977459],[-80.50278999966011,33.3344960002833],[-80.79029600037867,33.18083999995321],[-80.70665800011787,33.1548209997059],[-80.67357199986981,33.1080209997975],[-80.62381499990036,33.066926999632905],[-80.59148799971058,33.05781999986209],[-80.533180000332,33.06859000005237],[-80.40222600030812,33.05323799964909],[-80.41881300036391,32.9672640000476],[-80.38952599970692,32.89043100016384],[-80.40132199958654,32.858531999978695]]]},"properties":{"BASENAME":"Dorchester","NAME":"Dorchester County","STATE":"45"}},
{"type":"Feature","geometry":{"type":"MultiPolygon","coordinates":[[[[-84.3632159999735,32.39764899999867],[-84.32381499958495,32.372449999645916],[-84.2546129996018,32.37205300005674],[-84.24284500020957,32.401034000275715],[-84.19791200002823,32.40085199983086],[-84.122347000224,32.505920999781395],[-84.0533100000973,32.52202099990022],[-84.00336300015705,32.52992699999738],[-84.04588699991906,32.55827600029821],[-84.0705730003707,32.594022000090206],[-84.05834800014566,32.6302939996388],[-84.10496599994981,32.67338500013764],[-84.2026279998613,32.6900180003065],[-84.2370609996234,32.73865300019087],[-84.28624600003063,32.747626000138915],[-84.33794000041628,32.72064700028284],[-84.33888400042248,32.679042999675325],[-84.36424299982039,32.67936399978414],[-84.37843200022584,32.631804999645155],[-84.40837799958538,32.61050299992578],[-84.40886600038031,32.56192299969129],[-84.44435299975346,32.56208300022244],[-84.4336189998808,32.49324300027349],[-84.40780799967297,32.485267000271186],[-84.39231600013444,32.41404600028456],[-84.3632159999735,32.39764899999867]]],[[[-84.0533100000973,32.52202099990022],[-84.01814699969093,32.50640599990457],[-84.00848999989387,32.52176900033782],[-84.0533100000973,32.52202099990022]]]]},"properties":{"BASENAME":"Taylor","NAME":"Taylor County","STATE":"13"}},
{"type":"Feature","geometry":{"type":"Polygon","coordinates":[[[-82.40912999985011,32.35373799973798],[-82.6484830000312,32.311556000038316],[-82.65548600008486,32.29756100009124],[-82.63733599970666,32.266032999781146],[-82.63232399959756,32.19566299997853],[-82.61359300033462,32.14995099963408],[-82.61381500009247,32.06061899983584],[-82.59767099972746,32.01397899979127],[-82.5475609995806,31.98158799989441],[-82.54365499985941,31.958914000227388],[-82.48313100040535,31.968960999842547],[-82.44112399995396,32.2179980001559],[-82.43912799998651,32.29260699984822],[-82.40912999985011,32.35373799973798]]]},"properties":{"BASENAME":"Montgomery","NAME":"Montgomery County","STATE":"13"}},
{"type":"Feature","geometry":{"type":"Polygon","coordinates":[[[-84.64167300044222,31.258967000093534],[-84.70510699973272,31.25192099961817],[-84.91742100001764,31.255990000168477],[-84.92242300008098,31.072590000275348],[-84.73085500019135,31.069190000015066],[-84.64536900010111,31.079357000382],[-84.54265300024773,31.079029000309458],[-84.53710100036346,31.25593199980708],[-84.64167300044222,31.258967000093534]]]},"properties":{"BASENAME":"Miller","NAME":"Miller County","STATE":"13"}},
{"type":"Feature","geometry":{"type":"Polygon","coordinates":[[[-81.19309899992948,33.11866799972215],[-81.28366499990089,33.10855499981432],[-81.36485699993244,33.10806100017328],[-81.5418809995894,33.15827900002495],[-81.61403299959194,33.095251000141495],[-81.56550099983609,33.04788799963832],[-81.541831000259,33.04565399972241],[-81.49189900038736,33.00669399966502],[-81.50271600010069,32.93868799988941],[-81.48319800029206,32.921801999857216],[-81.45706099967099,32.85038900011175],[-81.42647500007885,32.8407729998518],[-81.42333099989071,32.77851199989723],[-81.4050540001892,32.74495699983588],[-81.33854299975938,32.768455999870135],[-81.32681399982687,32.7909139999493],[-81.26166200040326,32.8391389998368],[-81.27672899979437,32.892085999801985],[-81.23768099958322,32.90673100019853],[-81.21956299989039,32.95335000022465],[-81.08229100025127,33.026630000205316],[-81.12482599988394,33.05344799992977],[-81.19309899992948,33.11866799972215]]]},"properties":{"BASENAME":"Allendale","NAME":"Allendale County","STATE":"45"}},
{"type":"Feature","geometry":{"type":"Polygon","coordinates":[[[-82.04923600002577,30.273431999654903],[-81.83122699974147,30.467436999959855],[-81.79491799966253,30.50540599965654],[-81.73816799968516,30.534882999983388],[-81.71594000005663,30.571235999842674],[-81.67212800033184,30.562319000018846],[-81.6245129999197,30.586231999823216],[-81.57721800007303,30.538036999897262],[-81.54301799993945,30.523888999963912],[-81.49957500028557,30.563792999851117],[-81.47993899957785,30.533454000287538],[-81.43369700041565,30.506565999734658],[-81.3587929998621,30.501503999944152],[-81.37500199962614,30.53275800036323],[-81.38086700040314,30.627345000162958],[-81.34701500042411,30.712443999929246],[-81.46401299967106,30.710983000321086],[-81.48989800039705,30.726156000378907],[-81.57239500010981,30.721896999976266],[-81.6598050001975,30.75126499995505],[-81.71810900027644,30.744806000354306],[-81.79396799980853,30.787238999844234],[-81.88185800029524,30.799960999968288],[-81.9048550000278,30.82834000017398],[-81.96392800021076,30.81810000007861],[-81.97245799970352,30.779925999893813],[-82.03979500013878,30.747296999747558],[-82.03592700005244,30.706204999857896],[-82.05021699984192,30.674537999861993],[-82.00581000009035,30.565357999792802],[-82.01855400017418,30.528992000078834],[-82.01690600036127,30.47511099980155],[-82.04376199995932,30.414868999680806],[-82.04995800027413,30.36247199973899],[-82.04923600002577,30.273431999654903]]]},"properties":{"BASENAME":"Nassau","NAME":"Nassau County","STATE":"12"}},
{"type":"Feature","geometry":{"type":"Polygon","coordinates":[[[-85.43478200023056,30.567560000223608],[-85.43227400007703,30.785457000283063],[-85.48271800013474,30.785892000023747],[-85.48227600026887,30.82950900020949],[-85.59993399983988,30.830552000313258],[-85.61901099960754,30.74386799979638],[-85.73605099958557,30.74636999964008],[-85.751927000162,30.78983699998473],[-85.82161600021686,30.790775000193737],[-85.82525699962416,30.738230000362883],[-85.84442100032878,30.70313000018966],[-85.87358300041399,30.661009000076202],[-85.9152970000641,30.636426999839035],[-85.8668180000117,30.48763699984655],[-85.90121899998672,30.44384900007709],[-85.95282499961054,30.444169999730992],[-85.98188299993869,30.429522000354144],[-85.99273599963703,30.389319999640673],[-85.9649669999949,30.410708000305732],[-85.88398400020074,30.41025299982424],[-85.85349999981753,30.440623000274137],[-85.48796799989522,30.436655000247264],[-85.48635799971713,30.567574000147204],[-85.43478200023056,30.567560000223608]]]},"properties":{"BASENAME":"Washington","NAME":"Washington County","STATE":"12"}},
{"type":"Feature","geometry":{"type":"Polygon","coordinates":[[[-84.50807800019543,31.078400000215307],[-84.50677699981384,31.123241999909386],[-84.48330999972801,31.155535999835834],[-84.40448199990996,31.19898500030495],[-84.40597999993503,31.21888100025874],[-84.36658799976729,31.239774999965334],[-84.34094599961387,31.277759999954668],[-84.34055200032688,31.305340999898196],[-84.19798599964807,31.357520999910985],[-84.19455199992998,31.392575000206477],[-84.14112400041601,31.44017899982462],[-84.21159300044555,31.435856000351034],[-84.42987600036624,31.436661000185495],[-84.4908130002722,31.427882000379707],[-84.63757900040007,31.43392600018875],[-84.64167300044222,31.258967000093534],[-84.53710100036346,31.25593199980708],[-84.54265300024773,31.079029000309458],[-84.50807800019543,31.078400000215307]]]},"properties":{"BASENAME":"Baker","NAME":"Baker County","STATE":"13"}},
{"type":"Feature","geometry":{"type":"Polygon","coordinates":[[[-84.11664399982868,31.077971000117177],[-84.11922300012732,30.983482999645382],[-84.07711899959158,30.914964999972838],[-84.08375699977225,30.675804000215653],[-84.00745399982615,30.67212699996238],[-83.7437289999111,30.658396000206245],[-83.73615799959485,31.03767900027645],[-84.00387600016803,31.041582000146786],[-84.00362699974768,31.07728999976242],[-84.11664399982868,31.077971000117177]]]},"properties":{"BASENAME":"Thomas","NAME":"Thomas County","STATE":"13"}},
{"type":"Feature","geometry":{"type":"Polygon","coordinates":[[[-81.19309899992948,33.11866799972215],[-81.22777799973885,33.162621999746726],[-81.21318199962764,33.39786600005723],[-81.22267299974335,33.439999999691686],[-81.25373500043487,33.446197999820114],[-81.29860199959565,33.480255000118234],[-81.37482699972395,33.48965199967865],[-81.75703500028887,33.19814800021947],[-81.76823500031684,33.167948999642526],[-81.70463399972344,33.116449999900894],[-81.64543300039226,33.09405100019219],[-81.61403299959194,33.095251000141495],[-81.5418809995894,33.15827900002495],[-81.36485699993244,33.10806100017328],[-81.28366499990089,33.10855499981432],[-81.19309899992948,33.11866799972215]]]},"properties":{"BASENAME":"Barnwell","NAME":"Barnwell County","STATE":"45"}},
{"type":"Feature","geometry":{"type":"Polygon","coordinates":[[[-81.41468199967395,28.78556400027463],[-81.42216299957852,28.738218999738862],[-81.45951199992312,28.712761000206072],[-81.45972799983319,28.64019600010627],[-81.32848000008143,28.63962800025254],[-81.32788800042775,28.610500999862648],[-80.98724999957291,28.61299699973892],[-81.01664600000984,28.69303700016999],[-81.0611099996628,28.75000099995711],[-81.05308700033326,28.773557000347264],[-81.06741300010773,28.812988999990814],[-81.10574999994118,28.828541000080207],[-81.13786299987072,28.791293999930897],[-81.17757600042881,28.78586999994782],[-81.21371700027825,28.804212000063107],[-81.22600299970435,28.832629999755852],[-81.32047299974711,28.834530000392974],[-81.36693999993852,28.8792270002207],[-81.41965100012534,28.81551300023922],[-81.41468199967395,28.78556400027463]]]},"properties":{"BASENAME":"Seminole","NAME":"Seminole County","STATE":"12"}},
{"type":"Feature","geometry":{"type":"Polygon","coordinates":[[[-85.59315099989422,32.728529999869714],[-85.61025299961084,32.71392899986267],[-85.67985399980215,32.71253000025028],[-85.69675499967732,32.69742899964134],[-85.69585400022711,32.595933000349575],[-85.661053000219,32.56793499972708],[-85.48934799991952,32.496936999843896],[-85.43857499997384,32.49709000025679],[-85.43404499991358,32.40983999984472],[-85.33014300020466,32.41084199963119],[-85.33384300006152,32.468638999816804],[-85.05929399986209,32.47290900004778],[-85.06078400038957,32.50917699978309],[-85.00101999992039,32.510156999769215],[-85.0671990000892,32.579306000133506],[-85.08078400024706,32.608071999843034],[-85.10543200016556,32.644933999967165],[-85.13503799976648,32.746529999666556],[-85.2848429996022,32.74513100006844],[-85.28504299961875,32.73073100030567],[-85.59315099989422,32.728529999869714]]]},"properties":{"BASENAME":"Lee","NAME":"Lee County","STATE":"01"}},
{"type":"Feature","geometry":{"type":"Polygon","coordinates":[[[-84.41155100008585,29.745639000026465],[-84.31488000003624,29.749459999913],[-84.25287000025266,29.771580000283418],[-84.20230999984399,29.813150000275783],[-84.16890999977657,29.8754999998288],[-84.16079700003534,29.92126599992755],[-84.07632799974624,29.93748999990534],[-84.07553900044904,30.273617000265656],[-84.24122199961268,30.274244000174168],[-84.24767300019563,30.30349300037124],[-84.71335099989354,30.300169999716037],[-84.72989799976635,30.286199999865957],[-84.68187099962557,30.217709999828855],[-84.66494399981114,30.169773999728903],[-84.66925799996133,30.125199999674003],[-84.6301620000696,30.064953000035384],[-84.59104799973623,30.029636999625133],[-84.54445000002357,30.011030000264284],[-84.51412999967188,29.989075999764182],[-84.46771299970918,30.001852999994597],[-84.35476099992552,29.969831999940588],[-84.29688000034416,29.972559000294044],[-84.41155100008585,29.745639000026465]]]},"properties":{"BASENAME":"Wakulla","NAME":"Wakulla County","STATE":"12"}},
{"type":"Feature","geometry":{"type":"Polygon","coordinates":[[[-86.18724600004846,30.994021000300513],[-86.38864599963736,30.994180999834967],[-86.39294200024418,30.5127270002611],[-86.39963999980102,30.226955999760417],[-86.30637999990326,30.20940000019429],[-86.14979999961949,30.162909999764448],[-86.00076999973555,30.10359999974367],[-85.99273599963703,30.389319999640673],[-85.98188299993869,30.429522000354144],[-85.95282499961054,30.444169999730992],[-85.90121899998672,30.44384900007709],[-85.8668180000117,30.48763699984655],[-85.9152970000641,30.636426999839035],[-85.87358300041399,30.661009000076202],[-85.84442100032878,30.70313000018966],[-86.03759100000056,30.70457199997],[-86.03503900036442,30.99331999993176],[-86.18724600004846,30.994021000300513]]]},"properties":{"BASENAME":"Walton","NAME":"Walton County","STATE":"12"}},
{"type":"Feature","geometry":{"type":"Polygon","coordinates":[[[-81.5236599999644,29.62243199991495],[-81.52522999995948,29.75949699967556],[-81.56652400038332,29.80290200034653],[-81.58120699963487,29.84017600023463],[-81.81243000035629,29.836490000359685],[-81.8619939999819,29.80018699971729],[-81.90926000041456,29.793560000348027],[-81.93942699970705,29.74749699965404],[-82.00706999956574,29.73949000006889],[-82.0492440004217,29.71866999991377],[-82.05562499978612,29.71823200002999],[-82.05589900032084,29.471231999757386],[-82.0266529996717,29.49459099994267],[-81.91291099986762,29.505825999663273],[-81.84300900027573,29.52100400008938],[-81.84277900012196,29.486532999994456],[-81.77620499994295,29.48744799984313],[-81.77490500028458,29.42924899979568],[-81.74182999990718,29.42994000013019],[-81.74142200037649,29.371048999624737],[-81.66852499966106,29.371703999681436],[-81.66033499992692,29.34253599974485],[-81.68090300004697,29.324430000208128],[-81.45089200001868,29.378464000333537],[-81.43399199996844,29.398551999649328],[-81.47629300014768,29.396151999782887],[-81.49069400026524,29.454150999714578],[-81.52059600014216,29.500249000346173],[-81.5236599999644,29.62243199991495]]]},"properties":{"BASENAME":"Putnam","NAME":"Putnam County","STATE":"12"}},
{"type":"Feature","geometry":{"type":"Polygon","coordinates":[[[-84.29866500042444,32.99967099978929],[-84.29872300015074,32.99147000010535],[-84.4897079997092,32.99372899994587],[-84.52702000024388,32.970548000274746],[-84.52799000018936,32.92789699990151],[-84.50688800014194,32.88178799987962],[-84.4754940000877,32.87632599988004],[-84.45728699980809,32.829881000014126],[-84.41490799981104,32.834530000150984],[-84.39101700030099,32.78695600032593],[-84.28624600003063,32.747626000138915],[-84.2370609996234,32.73865300019087],[-84.2026279998613,32.6900180003065],[-84.14932800039384,32.8012059997538],[-84.12429100031292,32.80188200010905],[-84.12427500041937,32.84956199976511],[-84.1233399997357,32.93218399972269],[-84.12224599994165,32.988673000113685],[-84.27014000019875,32.99101100029819],[-84.29866500042444,32.99967099978929]]]},"properties":{"BASENAME":"Upson","NAME":"Upson County","STATE":"13"}},
{"type":"Feature","geometry":{"type":"Polygon","coordinates":[[[-81.82440500033607,32.01488200022228],[-81.88916799959726,31.9470709997823],[-81.8819960003875,31.918340999628718],[-81.9125290002762,31.886833000306858],[-81.96905199957453,31.789324000291128],[-81.91214599996155,31.754240999654282],[-81.90496399980773,31.724303000324063],[-81.8239209997391,31.65180900003354],[-81.77070800031026,31.616851999794193],[-81.73683899971448,31.60843400020167],[-81.70115599962443,31.579952000298903],[-81.69589900019126,31.55297400022316],[-81.6632060003036,31.538667000120753],[-81.5660089998242,31.576467000280353],[-81.491798000105,31.69957499969777],[-81.6417610001245,31.765451000194634],[-81.64330099998236,31.785702999830285],[-81.68749799967165,31.809103000311538],[-81.76535700026746,31.874540000039694],[-81.74541400031137,31.9362749998346],[-81.75025700036608,31.973207000294614],[-81.79392199977778,31.977796000182774],[-81.82440500033607,32.01488200022228]]]},"properties":{"BASENAME":"Long","NAME":"Long County","STATE":"13"}},
{"type":"Feature","geometry":{"type":"Polygon","coordinates":[[[-86.14589499972321,31.617740999677572],[-85.78914199971399,31.617963999906284],[-85.74825099969627,31.618047999881362],[-85.71696100029743,31.655071000108283],[-85.70072300022109,31.742386999882136],[-85.66269199981109,31.78331900007884],[-85.67767200006186,31.85224400037291],[-85.65766800000644,31.880274999807952],[-85.79104700034316,31.880357000065253],[-85.79004800008536,31.967253999852907],[-85.88434999989862,31.96725299999539],[-85.89365199986845,32.047351000353025],[-85.911755000391,32.05475200001178],[-85.99685300014373,32.05104899998107],[-85.99556299963281,31.967554000051187],[-86.19137900044868,31.966452999999976],[-86.17496899994488,31.93059700029118],[-86.18294899961673,31.83238999961967],[-86.1993780003871,31.79044999978018],[-86.14833900030264,31.79095099978367],[-86.14714699970101,31.663150000112594],[-86.17969700037185,31.62738200027706],[-86.14589499972321,31.617740999677572]]]},"properties":{"BASENAME":"Pike","NAME":"Pike County","STATE":"01"}},
{"type":"Feature","geometry":{"type":"MultiPolygon","coordinates":[[[[-84.0533100000973,32.52202099990022],[-84.122347000224,32.505920999781395],[-84.19791200002823,32.40085199983086],[-84.24284500020957,32.401034000275715],[-84.2546129996018,32.37205300005674],[-84.25591200033357,32.296156000134964],[-84.21921099971914,32.295056999708585],[-84.22014399985471,32.23115000011261],[-84.18165700023344,32.22970300018967],[-84.13409500042309,32.22797199991472],[-84.12793099989531,32.189392999760685],[-84.08480500043386,32.19126200008484],[-84.02760000017182,32.17116499969562],[-84.0171170003693,32.19568600011741],[-83.95881699959,32.25210500026968],[-83.89748100037421,32.280977000092676],[-83.84837899980764,32.290969999699435],[-83.83667300033967,32.43930799978816],[-83.84667599974316,32.468514000025145],[-83.92393100009139,32.504920000201395],[-84.01814699969093,32.50640599990457],[-84.0533100000973,32.52202099990022]]],[[[-84.0533100000973,32.52202099990022],[-84.00848999989387,32.52176900033782],[-84.00336300015705,32.52992699999738],[-84.0533100000973,32.52202099990022]]]]},"properties":{"BASENAME":"Macon","NAME":"Macon County","STATE":"13"}},
{"type":"Feature","geometry":{"type":"Polygon","coordinates":[[[-83.96127799988787,32.03059500012298],[-83.92490199986177,31.947724999948637],[-83.92249400016568,31.909652999790772],[-83.93943699987362,31.84792900028543],[-83.85548999981636,31.837180999746284],[-83.80272299955305,31.803578999737066],[-83.61264199981784,31.804127999954446],[-83.61225600002845,31.854089000328973],[-83.60966300038443,32.0279379996737],[-83.96127799988787,32.03059500012298]]]},"properties":{"BASENAME":"Crisp","NAME":"Crisp County","STATE":"13"}},
{"type":"Feature","geometry":{"type":"Polygon","coordinates":[[[-83.60854699995078,32.11840500000523],[-83.60639699999753,32.288434999710105],[-83.61557900031676,32.28855599998247],[-83.84837899980764,32.290969999699435],[-83.89748100037421,32.280977000092676],[-83.95881699959,32.25210500026968],[-84.0171170003693,32.19568600011741],[-84.02760000017182,32.17116499969562],[-84.03130500005153,32.154377999911574],[-83.97692599996033,32.09018900005119],[-83.98039099964055,32.04490799981774],[-83.96127799988787,32.03059500012298],[-83.60966300038443,32.0279379996737],[-83.60854699995078,32.11840500000523]]]},"properties":{"BASENAME":"Dooly","NAME":"Dooly County","STATE":"13"}},
{"type":"Feature","geometry":{"type":"Polygon","coordinates":[[[-83.93943699987362,31.84792900028543],[-83.97981300023054,31.809422000205284],[-83.98639000031187,31.76542600013674],[-84.02562299957262,31.710021999704637],[-84.01840399960888,31.650273999981444],[-83.99624600030056,31.62515400024077],[-83.99779600020418,31.44375300010199],[-83.99942999977337,31.334965999729032],[-83.65409000022747,31.330661000121435],[-83.64938400044014,31.567976999625365],[-83.66907100030316,31.593855999907152],[-83.71877399984594,31.622028000058723],[-83.79684599997879,31.622928999690007],[-83.79730999958596,31.760748000237793],[-83.80272299955305,31.803578999737066],[-83.85548999981636,31.837180999746284],[-83.93943699987362,31.84792900028543]]]},"properties":{"BASENAME":"Worth","NAME":"Worth County","STATE":"13"}},
{"type":"Feature","geometry":{"type":"Polygon","coordinates":[[[-82.28456100028696,31.224449000381615],[-82.19482399979572,31.20759000012901],[-82.1568069996294,31.219071999789357],[-82.14551500043825,31.252375000102393],[-82.09271999968753,31.276119000218806],[-82.00810200033382,31.279649999940922],[-82.01180200019066,31.316986000050534],[-82.04112900013232,31.373721000052466],[-82.05601700032159,31.408289000205077],[-82.05491900032962,31.45549499983983],[-82.09051000035814,31.480009000333535],[-82.13279399992065,31.471261999635857],[-82.15507500015092,31.471116000275334],[-82.22658500027106,31.530699000202056],[-82.34484299989168,31.430130000129775],[-82.4015119996782,31.430291999895513],[-82.41724599996441,31.417118999731063],[-82.389451000383,31.364904999887624],[-82.38370500032998,31.291143000044325],[-82.31503999974896,31.22595800022853],[-82.28456100028696,31.224449000381615]]]},"properties":{"BASENAME":"Pierce","NAME":"Pierce County","STATE":"13"}},
{"type":"Feature","geometry":{"type":"Polygon","coordinates":[[[-81.43399199996844,29.398551999649328],[-81.42074499991938,29.399645000274468],[-81.4172900002849,29.261155999622535],[-81.15008100042307,29.26595699988114],[-81.15588100000444,29.41095400030997],[-81.11102300016618,29.426900999698063],[-81.04570599998782,29.4324619998861],[-81.08518699984401,29.52886200003173],[-81.15081700001681,29.671087000141164],[-81.2273090001088,29.670537999974645],[-81.27629600014932,29.652833999713444],[-81.3245199999336,29.65353500009708],[-81.32405899980114,29.625609999974095],[-81.5236599999644,29.62243199991495],[-81.52059600014216,29.500249000346173],[-81.49069400026524,29.454150999714578],[-81.47629300014768,29.396151999782887],[-81.43399199996844,29.398551999649328]]]},"properties":{"BASENAME":"Flagler","NAME":"Flagler County","STATE":"12"}},
{"type":"Feature","geometry":{"type":"Polygon","coordinates":[[[-82.68953899990535,30.597733999733713],[-82.72658299975312,30.559485999769816],[-82.69794399972463,30.474743999873684],[-82.65912200036762,30.440764000126315],[-82.6455549997531,30.406416999719433],[-82.68147300001979,30.34280500031226],[-82.71777299987788,30.321391000292586],[-82.79459399985787,30.337024000278372],[-82.79397500043999,29.986201999781738],[-82.76135399962402,29.96597799977374],[-82.80047700017823,29.932125999825086],[-82.75364599993873,29.893499000183446],[-82.73623700007545,29.860132999866995],[-82.69366800010759,29.83421599996044],[-82.65855400010506,29.830144000212293],[-82.59289700016805,29.861933000245827],[-82.57596600015566,29.913094999652106],[-82.52970499982857,29.940880999673173],[-82.5692800002944,29.974979999698448],[-82.57311599969537,30.010650999791974],[-82.54496100026387,30.01999499976905],[-82.51901899963647,30.076010999988146],[-82.45598500037906,30.105583999816268],[-82.45836399976284,30.136449000251606],[-82.45707300032531,30.442756999948855],[-82.45979300019094,30.584267000155105],[-82.58400699992687,30.591548000139937],[-82.68953899990535,30.597733999733713]]]},"properties":{"BASENAME":"Columbia","NAME":"Columbia County","STATE":"12"}},
{"type":"Feature","geometry":{"type":"Polygon","coordinates":[[[-85.84442100032878,30.70313000018966],[-85.82525699962416,30.738230000362883],[-85.82161600021686,30.790775000193737],[-85.751927000162,30.78983699998473],[-85.73605099958557,30.74636999964008],[-85.61901099960754,30.74386799979638],[-85.59993399983988,30.830552000313258],[-85.57557399980146,30.89860100034676],[-85.53029400018882,30.939315000031065],[-85.53045300019745,30.971630000279724],[-85.49799200011338,30.99693099978939],[-86.03503900036442,30.99331999993176],[-86.03759100000056,30.70457199997],[-85.84442100032878,30.70313000018966]]]},"properties":{"BASENAME":"Holmes","NAME":"Holmes County","STATE":"12"}},
{"type":"Feature","geometry":{"type":"Polygon","coordinates":[[[-82.431530999731,31.966182000035573],[-82.4313619996766,31.837992999882058],[-82.52025100042108,31.838388000218025],[-82.52141999965988,31.710796000100537],[-82.49586600026834,31.710588000117486],[-82.47272499969742,31.680156999619832],[-82.4075089998014,31.639199999755157],[-82.34852600003009,31.620661000146825],[-82.318076999807,31.59428599985319],[-82.24069199976242,31.55562199969084],[-82.22658500027106,31.530699000202056],[-82.15507500015092,31.471116000275334],[-82.13279399992065,31.471261999635857],[-82.13301300020375,31.773404000355224],[-82.0485820004478,31.8270750001566],[-82.1072349996079,31.863797000055218],[-82.10784200022852,31.883701000334803],[-82.16584300035878,31.903598999771415],[-82.22504200004012,31.913073999997003],[-82.29158299970887,31.942398000229346],[-82.37241999991319,31.941455999746005],[-82.431530999731,31.966182000035573]]]},"properties":{"BASENAME":"Appling","NAME":"Appling County","STATE":"13"}},
{"type":"Feature","geometry":{"type":"Polygon","coordinates":[[[-84.30520399997259,31.691058000275078],[-84.29541599975596,31.698098000113887],[-84.28645600009291,31.791181999753135],[-84.26234899977449,31.82848799995259],[-84.3053870002707,31.86880400016603],[-84.33824500001482,31.87359100034756],[-84.44380700013052,31.967455999804585],[-84.45330999994181,31.919224000298154],[-84.5997759995957,31.92017100017633],[-84.60308600036353,31.77200100030623],[-84.57032900000344,31.76066199985571],[-84.5355270001704,31.681828000237704],[-84.54685400042001,31.62119899983937],[-84.45039799955724,31.62186800007207],[-84.29780099988584,31.621950999807826],[-84.30520399997259,31.691058000275078]]]},"properties":{"BASENAME":"Terrell","NAME":"Terrell County","STATE":"13"}},
{"type":"Feature","geometry":{"type":"Polygon","coordinates":[[[-81.5236599999644,29.62243199991495],[-81.32405899980114,29.625609999974095],[-81.3245199999336,29.65353500009708],[-81.27629600014932,29.652833999713444],[-81.2273090001088,29.670537999974645],[-81.15081700001681,29.671087000141164],[-81.20517699984146,29.82243299973635],[-81.20926800040885,29.875246999663418],[-81.25513399982744,30.000244999931102],[-81.32018499986702,30.25292000014186],[-81.43692899956905,30.252334999683164],[-81.4337369997003,30.10602800004041],[-81.53870700016232,30.103748000161872],[-81.5390090002861,30.119941999862597],[-81.62381300031096,30.133640999968275],[-81.6802150001338,30.121240000190184],[-81.68887600004612,30.02856600012187],[-81.67108800006615,30.00724199961307],[-81.61014600013732,29.970235000236386],[-81.6083560000342,29.915694999742957],[-81.58120699963487,29.84017600023463],[-81.56652400038332,29.80290200034653],[-81.52522999995948,29.75949699967556],[-81.5236599999644,29.62243199991495]]]},"properties":{"BASENAME":"St. Johns","NAME":"St. Johns County","STATE":"12"}},
{"type":"Feature","geometry":{"type":"Polygon","coordinates":[[[-81.22267299974335,33.439999999691686],[-81.21318199962764,33.39786600005723],[-81.22777799973885,33.162621999746726],[-81.19309899992948,33.11866799972215],[-81.12482599988394,33.05344799992977],[-81.08229100025127,33.026630000205316],[-80.93715700004277,33.1025839998044],[-80.89607400040445,33.06140999979695],[-80.87666799985048,33.093367000297214],[-80.89542599977592,33.12534800027883],[-80.79791200000244,33.17694400022463],[-80.83949099993333,33.207216999856186],[-80.84936799983844,33.23830400013663],[-80.94875600027893,33.308047000049825],[-81.04825400032432,33.349333999898285],[-81.0886790001867,33.379621000150394],[-81.18953100031712,33.411682999742006],[-81.22267299974335,33.439999999691686]]]},"properties":{"BASENAME":"Bamberg","NAME":"Bamberg County","STATE":"45"}},
{"type":"Feature","geometry":{"type":"Polygon","coordinates":[[[-83.43449199968148,31.350361000298946],[-83.43506199959387,31.30258000005086],[-83.38568399974112,31.258460999941146],[-83.33594900041129,31.244579000114708],[-83.33427899995876,31.191578000076458],[-83.30561099961794,31.16723300011668],[-83.32047100021813,31.09796200005083],[-83.27972800033842,31.063647999635457],[-83.29505199964747,31.02727800021278],[-83.19797100041734,31.025404999773293],[-83.1978759999828,31.062209999725557],[-83.16726899957595,31.06247300033122],[-83.16507199976704,31.147198000144],[-83.0382460001205,31.146704999885163],[-83.04688500029151,31.183679999978008],[-83.04698800022366,31.282965999670072],[-83.07560299996273,31.347272000279187],[-83.10342400038171,31.357849000188075],[-83.14048300029808,31.42039500035561],[-83.14558699957037,31.472275999963085],[-83.33872799982815,31.47599099969216],[-83.36951400033514,31.46505500008169],[-83.37088799961334,31.40114200030904],[-83.43449199968148,31.350361000298946]]]},"properties":{"BASENAME":"Berrien","NAME":"Berrien County","STATE":"13"}},
{"type":"Feature","geometry":{"type":"Polygon","coordinates":[[[-83.51351100019357,32.84486799993628],[-83.59818700017192,32.88783600023487],[-83.6582110000338,32.88791300016444],[-83.69601700031289,32.916869999759015],[-83.71068500039414,32.952792000354194],[-83.89192199991892,32.84835100006966],[-83.89204999996545,32.81955800018324],[-83.80826699993969,32.72868199977684],[-83.73629200038745,32.69363300029902],[-83.70115200044565,32.692168999923275],[-83.67394199994693,32.67695800013572],[-83.59765599971927,32.664338000197695],[-83.60858600030883,32.692636000161336],[-83.57871500039403,32.73811800014661],[-83.50260300024364,32.80111899973574],[-83.51351100019357,32.84486799993628]]]},"properties":{"BASENAME":"Bibb","NAME":"Bibb County","STATE":"13"}},
{"type":"Feature","geometry":{"type":"Polygon","coordinates":[[[-85.02543900040833,29.971399000388857],[-85.00762600031403,30.013883000307025],[-84.83755600030695,30.011515999744276],[-84.54445000002357,30.011030000264284],[-84.59104799973623,30.029636999625133],[-84.6301620000696,30.064953000035384],[-84.66925799996133,30.125199999674003],[-84.66494399981114,30.169773999728903],[-84.68187099962557,30.217709999828855],[-84.72989799976635,30.286199999865957],[-84.71335099989354,30.300169999716037],[-84.7151379996236,30.330139999794614],[-84.64640799964357,30.388281000059006],[-84.6806320000666,30.38797299998185],[-84.71412400019553,30.41719899979508],[-84.71409700043134,30.460401000269947],[-84.78111099992809,30.459793999882738],[-84.78181300008497,30.518693000334768],[-84.81581599967674,30.533093000382276],[-84.88261599981158,30.533094000068818],[-84.88331600031862,30.60558900004663],[-84.9325190002692,30.606393000096272],[-84.99001700043421,30.524795000276047],[-84.9874409996103,30.464901000111908],[-85.03293100018355,30.42029900022081],[-85.01524799978559,30.385819999875263],[-85.03857400030441,30.365628999813925],[-85.05277700005524,30.287405999742727],[-85.11565999969993,30.19997600008311],[-85.13866900002634,30.17254600008783],[-85.14907700038411,30.11049500000713],[-85.13525399967655,30.043270000090118],[-85.11369100039498,30.023173000051706],[-85.05400200026885,30.00127999976119],[-85.02543900040833,29.971399000388857]]]},"properties":{"BASENAME":"Liberty","NAME":"Liberty County","STATE":"12"}},
{"type":"Feature","geometry":{"type":"Polygon","coordinates":[[[-81.28126999972527,32.55647100024523],[-81.20040800030492,32.46831399999756],[-81.20557199985164,32.423892999961446],[-81.16712399969013,32.35871800001278],[-81.12853499996162,32.33838099969436],[-81.12327599998032,32.27697500036911],[-81.1445720001965,32.22612800012404],[-81.12314899975871,32.20132000000964],[-81.11722500032877,32.117604000086594],[-81.03812499962584,32.08373400004597],[-81.00430500033217,32.102367000312505],[-80.92508499997861,32.04193900021629],[-80.85023800022478,32.04142000032791],[-80.81557699995874,32.029918000247584],[-80.78296000023906,31.995954000083838],[-80.74295799997597,32.04953499973025],[-80.74553599955138,32.07866700001099],[-80.90811100030851,32.07817200017326],[-80.91261899972915,32.12759500007691],[-80.94219599991605,32.13697500024916],[-80.96479099996569,32.18537800000555],[-81.00013799959676,32.19612199973439],[-81.01621199964158,32.2418909998935],[-80.99565299974236,32.26199800037135],[-81.00636900007167,32.306520999678455],[-80.93494000014239,32.30010800017561],[-80.92188300006413,32.351834000284086],[-80.89205399998215,32.35373100000314],[-80.84145799958847,32.385064000242366],[-80.84772900024635,32.42899099987345],[-80.82022800039283,32.490787999719956],[-80.84773300044431,32.53005700025873],[-80.83154300004855,32.5933879996534],[-80.86970499997979,32.660934999632246],[-80.90244800009619,32.621560999689684],[-80.95866999999396,32.64250699998461],[-80.94586499981077,32.68734799975384],[-81.01849499966421,32.75017200025779],[-81.10191399964188,32.68641099969638],[-81.28126999972527,32.55647100024523]]]},"properties":{"BASENAME":"Jasper","NAME":"Jasper County","STATE":"45"}},
{"type":"Feature","geometry":{"type":"Polygon","coordinates":[[[-82.52105200031215,32.82235599966424],[-82.56055499990966,32.820055999660816],[-82.65685600006343,32.78795900001583],[-82.6807569996192,32.7967600002396],[-82.7683650000736,32.76910799995244],[-82.80245600042723,32.80975600026875],[-82.94696600029665,32.75935799964252],[-82.9570659997845,32.70831800026568],[-82.86276300014633,32.71576000021775],[-82.7857820003328,32.68669999977837],[-82.79453799978137,32.66023000018849],[-82.66855700040684,32.61216399965084],[-82.67445700044564,32.52386600016358],[-82.64773300019375,32.51250699976338],[-82.56435799969869,32.5324490002697],[-82.59443899967575,32.57915800019372],[-82.46982300025691,32.65088200004976],[-82.49943100040598,32.68633999986015],[-82.4527509997792,32.728659000076014],[-82.4341490003877,32.76225799969627],[-82.4732510001272,32.77755800003181],[-82.52105200031215,32.82235599966424]]]},"properties":{"BASENAME":"Johnson","NAME":"Johnson County","STATE":"13"}},
{"type":"Feature","geometry":{"type":"Polygon","coordinates":[[[-83.99942999977337,31.334965999729032],[-84.00362699974768,31.07728999976242],[-84.00387600016803,31.041582000146786],[-83.73615799959485,31.03767900027645],[-83.57395900037798,31.033874999750207],[-83.57485700035343,31.078135000196767],[-83.54337600026058,31.170425999952926],[-83.5098099996135,31.20618099965592],[-83.50637099987254,31.27976999979467],[-83.51260700037034,31.327405000354954],[-83.65409000022747,31.330661000121435],[-83.99942999977337,31.334965999729032]]]},"properties":{"BASENAME":"Colquitt","NAME":"Colquitt County","STATE":"13"}},
{"type":"Feature","geometry":{"type":"Polygon","coordinates":[[[-83.01941899969977,30.849452999865974],[-83.08808199973267,30.848658000371298],[-83.12486500036283,30.803654999628122],[-83.13282999996606,30.758532999741938],[-83.13661400038683,30.623967000359226],[-82.68953899990535,30.597733999733713],[-82.58400699992687,30.591548000139937],[-82.57907900038168,30.69233200007979],[-82.60430700025832,30.71371499971019],[-82.76615900004386,30.732404000270307],[-82.8052900000957,30.749835000110497],[-82.83054300008668,30.7813749996952],[-82.84640500041938,30.8349489997944],[-82.9713360003808,30.86939200026933],[-83.01941899969977,30.849452999865974]]]},"properties":{"BASENAME":"Echols","NAME":"Echols County","STATE":"13"}},
{"type":"Feature","geometry":{"type":"Polygon","coordinates":[[[-84.00745399982615,30.67212699996238],[-84.00768700035297,30.60929900015369],[-83.9786070002835,30.522687000130578],[-84.0411519998194,30.521900999776133],[-84.04148800027838,30.463307999934916],[-84.07469099980399,30.434302000172135],[-84.07553900044904,30.273617000265656],[-84.07632799974624,29.93748999990534],[-83.99995500037824,29.898948000075364],[-83.99218400004546,30.096207999948337],[-83.95129899987553,30.18628200026513],[-83.92545300040592,30.192860000347142],[-83.91536899991327,30.24477900014831],[-83.84487399994447,30.277431999890712],[-83.82023500024678,30.30354000013151],[-83.79357700011714,30.335505999813133],[-83.80378700010817,30.377585999997063],[-83.75726100036552,30.38546699993488],[-83.72171999966739,30.434354000243776],[-83.73695400036137,30.507569000286075],[-83.70429300026075,30.538094000002218],[-83.63741199993505,30.552671000029676],[-83.60418599994492,30.581915999646526],[-83.61171999955292,30.651258000229763],[-83.7437289999111,30.658396000206245],[-84.00745399982615,30.67212699996238]]]},"properties":{"BASENAME":"Jefferson","NAME":"Jefferson County","STATE":"12"}},
{"type":"Feature","geometry":{"type":"Polygon","coordinates":[[[-82.64773300019375,32.51250699976338],[-82.67445700044564,32.52386600016358],[-82.66855700040684,32.61216399965084],[-82.79453799978137,32.66023000018849],[-82.7857820003328,32.68669999977837],[-82.86276300014633,32.71576000021775],[-82.9570659997845,32.70831800026568],[-83.04079199990888,32.67333900019741],[-83.22653599992766,32.58420099994721],[-83.1389910001208,32.42306900033409],[-82.99096700016734,32.1472740003545],[-82.88480300035219,32.19607200035856],[-82.85830800042916,32.19438599966963],[-82.72196400000442,32.30928300011015],[-82.73688399998075,32.322619000219646],[-82.70184500032126,32.432640000305966],[-82.68562499978826,32.46050099975502],[-82.64692300008184,32.46891499992452],[-82.64773300019375,32.51250699976338]]]},"properties":{"BASENAME":"Laurens","NAME":"Laurens County","STATE":"13"}},
{"type":"Feature","geometry":{"type":"Polygon","coordinates":[[[-82.40662000004676,29.485047999689765],[-82.40323700038233,29.215622999765436],[-82.53486000005279,29.21468000028248],[-82.53559099962368,29.044855000012557],[-82.47763899989721,29.052483999848782],[-82.31583599961715,28.973270999929646],[-82.31169700026749,28.960390999842687],[-81.95419000022285,28.96005299974512],[-81.65869799998465,28.96034500005241],[-81.65919699975194,29.047759999644107],[-81.63869599957906,29.047759999644107],[-81.6419159999352,29.276765999610365],[-81.68090300004697,29.324430000208128],[-81.66033499992692,29.34253599974485],[-81.66852499966106,29.371703999681436],[-81.74142200037649,29.371048999624737],[-81.74182999990718,29.42994000013019],[-81.77490500028458,29.42924899979568],[-81.77620499994295,29.48744799984313],[-81.84277900012196,29.486532999994456],[-81.84300900027573,29.52100400008938],[-81.91291099986762,29.505825999663273],[-82.0266529996717,29.49459099994267],[-82.05589900032084,29.471231999757386],[-82.05564300022779,29.441846999638067],[-82.14529799980494,29.423458999739196],[-82.21016499972151,29.428496000115437],[-82.21514300039374,29.484213000117325],[-82.40662000004676,29.485047999689765]]]},"properties":{"BASENAME":"Marion","NAME":"Marion County","STATE":"12"}},
{"type":"Feature","geometry":{"type":"Polygon","coordinates":[[[-84.33824500001482,31.87359100034756],[-84.33814299990755,31.916189999866692],[-84.01076799989362,31.91358100033393],[-83.92249400016568,31.909652999790772],[-83.92490199986177,31.947724999948637],[-83.96127799988787,32.03059500012298],[-83.98039099964055,32.04490799981774],[-83.97692599996033,32.09018900005119],[-84.03130500005153,32.154377999911574],[-84.02760000017182,32.17116499969562],[-84.08480500043386,32.19126200008484],[-84.12793099989531,32.189392999760685],[-84.13409500042309,32.22797199991472],[-84.18165700023344,32.22970300018967],[-84.18356899963698,32.158493000318394],[-84.43021799977468,32.16625700011729],[-84.43121399965946,32.13405800023363],[-84.43301399980832,32.04195999992095],[-84.44380700013052,31.967455999804585],[-84.33824500001482,31.87359100034756]]]},"properties":{"BASENAME":"Sumter","NAME":"Sumter County","STATE":"13"}},
{"type":"Feature","geometry":{"type":"Polygon","coordinates":[[[-81.82440500033607,32.01488200022228],[-81.79392199977778,31.977796000182774],[-81.75025700036608,31.973207000294614],[-81.74541400031137,31.9362749998346],[-81.76535700026746,31.874540000039694],[-81.68749799967165,31.809103000311538],[-81.64330099998236,31.785702999830285],[-81.6417610001245,31.765451000194634],[-81.491798000105,31.69957499969777],[-81.43576000033026,31.64205500010371],[-81.35557300040428,31.654669999697028],[-81.26186800026758,31.650142000159757],[-81.22222000000681,31.630419999853704],[-81.19012399979573,31.59810100015496],[-81.19493000004049,31.559081999812147],[-81.1751479997429,31.53965999989798],[-81.09538299959132,31.5209810000217],[-81.08799700012132,31.527317000316515],[-81.06963300038117,31.642404999621892],[-81.05152099963782,31.70519800006007],[-81.1547310001339,31.713069999748928],[-81.25988700036875,31.753754000071748],[-81.27742599992837,31.794614999787054],[-81.31102699983724,31.78991499978557],[-81.33260699973555,31.833187000058953],[-81.37695400011097,31.848257000008097],[-81.40438800001735,31.9197009997188],[-81.50280800016219,31.96283399976757],[-81.56423100031496,31.95948999989918],[-81.59239099976934,31.9724690002225],[-81.61980399975931,32.03105199987334],[-81.69269499972866,32.08831299991509],[-81.71865800027246,32.089350999724495],[-81.76173500022841,32.04789999992423],[-81.82440500033607,32.01488200022228]]]},"properties":{"BASENAME":"Liberty","NAME":"Liberty County","STATE":"13"}},
{"type":"Feature","geometry":{"type":"Polygon","coordinates":[[[-85.11565999969993,30.19997600008311],[-85.05277700005524,30.287405999742727],[-85.03857400030441,30.365628999813925],[-85.01524799978559,30.385819999875263],[-85.03293100018355,30.42029900022081],[-84.9874409996103,30.464901000111908],[-84.99001700043421,30.524795000276047],[-84.9325190002692,30.606393000096272],[-85.16474399982481,30.608078999871204],[-85.17189099981854,30.564335999918146],[-85.38394800018551,30.566856000243202],[-85.38798500032625,30.42172399994961],[-85.38967900016992,30.20097299967231],[-85.11565999969993,30.19997600008311]]]},"properties":{"BASENAME":"Calhoun","NAME":"Calhoun County","STATE":"12"}},
{"type":"Feature","geometry":{"type":"Polygon","coordinates":[[[-83.30924900044884,30.634405999972387],[-83.27261200030685,30.627686999997334],[-83.22586599955785,30.468021000294684],[-83.22008699989287,30.422484000126513],[-83.18038000008087,30.410603000323256],[-83.1709690003311,30.3852250000161],[-83.15520999993056,30.41721700008874],[-83.07870600014299,30.438116000229517],[-82.95590000002045,30.41348600027641],[-82.93152499991344,30.390387999889075],[-82.79459399985787,30.337024000278372],[-82.71777299987788,30.321391000292586],[-82.68147300001979,30.34280500031226],[-82.6455549997531,30.406416999719433],[-82.65912200036762,30.440764000126315],[-82.69794399972463,30.474743999873684],[-82.72658299975312,30.559485999769816],[-82.68953899990535,30.597733999733713],[-83.13661400038683,30.623967000359226],[-83.30924900044884,30.634405999972387]]]},"properties":{"BASENAME":"Hamilton","NAME":"Hamilton County","STATE":"12"}},
{"type":"Feature","geometry":{"type":"Polygon","coordinates":[[[-85.64348199997403,33.49588500033424],[-85.76542699993104,33.498593000218214],[-85.7827350004103,33.46934899992065],[-85.87005300043647,33.47675700024647],[-85.90490899979785,33.498654999834486],[-85.92281700032672,33.45457599967669],[-85.92376200015785,33.396206000008696],[-85.97652500022319,33.381870000127684],[-85.98029299985211,33.29418999974167],[-86.11819800005111,33.29632000005684],[-86.12056700028747,33.194511000260846],[-86.17282999986232,33.195681000240775],[-86.17436999972017,33.10439400014496],[-86.0093129996471,33.10464199977637],[-86.00917000043027,33.09025999973136],[-85.97471500002857,33.10528599985932],[-85.65365400033022,33.10663399982717],[-85.65308000021986,33.21211699976209],[-85.64348199997403,33.49588500033424]]]},"properties":{"BASENAME":"Clay","NAME":"Clay County","STATE":"01"}},
{"type":"Feature","geometry":{"type":"Polygon","coordinates":[[[-83.18790600019128,28.986573000359215],[-83.12860000037979,28.955199999878346],[-83.02166999993536,28.945360000220493],[-82.94557000037884,28.963749999806378],[-82.94426999982215,28.915840000192787],[-82.91579999984808,28.856499999840796],[-82.92717999980111,28.813579999813946],[-82.92049999978764,28.757149999972388],[-82.88954400029964,28.69321299963644],[-82.41835300017722,28.69485899969974],[-82.41768399963232,28.66589699995015],[-82.26305199963541,28.667634000358735],[-82.24907599966531,28.717772000252015],[-82.17140199991573,28.78984799980045],[-82.18260199994371,28.82178500005253],[-82.27358499966662,28.89721599962297],[-82.31169700026749,28.960390999842687],[-82.31583599961715,28.973270999929646],[-82.47763899989721,29.052483999848782],[-82.53559099962368,29.044855000012557],[-82.61265299962805,29.00927099994468],[-82.68981400026496,29.03396200032188],[-82.71152999970741,29.030988000190618],[-82.76156799988426,28.99209099963952],[-83.18790600019128,28.986573000359215]]]},"properties":{"BASENAME":"Citrus","NAME":"Citrus County","STATE":"12"}},
{"type":"Feature","geometry":{"type":"Polygon","coordinates":[[[-84.92242300008098,31.072590000275348],[-84.91742100001764,31.255990000168477],[-84.70510699973272,31.25192099961817],[-84.64167300044222,31.258967000093534],[-84.63757900040007,31.43392600018875],[-84.7890320000487,31.43635599995244],[-84.81980699978673,31.50119200031044],[-84.93587599999438,31.50260099974724],[-85.02922700012874,31.486071000166252],[-85.04549500034231,31.517129000024664],[-85.07162100019441,31.46838399975736],[-85.06563900013984,31.43952100030783],[-85.09216699967483,31.364576000220666],[-85.0876509998583,31.308676999650313],[-85.11326100022465,31.264343000102386],[-85.09684300022327,31.22523900023266],[-85.09964699975448,31.164941999688082],[-85.07780099971737,31.157888999678846],[-85.03706200003563,31.10975299967837],[-85.02856400032992,31.075522999864642],[-84.92242300008098,31.072590000275348]]]},"properties":{"BASENAME":"Early","NAME":"Early County","STATE":"13"}},
{"type":"Feature","geometry":{"type":"Polygon","coordinates":[[[-84.28255899969423,30.68533400015695],[-84.30058299967575,30.640068000280273],[-84.33670699980676,30.596798000232386],[-84.3714030002329,30.58110700006092],[-84.420473999939,30.46390500000137],[-84.52060600036917,30.45117699997864],[-84.64640799964357,30.388281000059006],[-84.7151379996236,30.330139999794614],[-84.71335099989354,30.300169999716037],[-84.24767300019563,30.30349300037124],[-84.24122199961268,30.274244000174168],[-84.07553900044904,30.273617000265656],[-84.07469099980399,30.434302000172135],[-84.04148800027838,30.463307999934916],[-84.0411519998194,30.521900999776133],[-83.9786070002835,30.522687000130578],[-84.00768700035297,30.60929900015369],[-84.00745399982615,30.67212699996238],[-84.08375699977225,30.675804000215653],[-84.28255899969423,30.68533400015695]]]},"properties":{"BASENAME":"Leon","NAME":"Leon County","STATE":"12"}},
{"type":"Feature","geometry":{"type":"Polygon","coordinates":[[[-84.70053800021273,32.84464000023559],[-84.69242799994625,32.82939299993652],[-84.69460300001383,32.58394499971759],[-84.66746299983534,32.56394799977523],[-84.69451000012741,32.518731999943334],[-84.63732300030702,32.53485500034535],[-84.5048160000065,32.54182200032485],[-84.49206500024998,32.561955999809975],[-84.44435299975346,32.56208300022244],[-84.40886600038031,32.56192299969129],[-84.40837799958538,32.61050299992578],[-84.37843200022584,32.631804999645155],[-84.36424299982039,32.67936399978414],[-84.33888400042248,32.679042999675325],[-84.33794000041628,32.72064700028284],[-84.28624600003063,32.747626000138915],[-84.39101700030099,32.78695600032593],[-84.41490799981104,32.834530000150984],[-84.45728699980809,32.829881000014126],[-84.4754940000877,32.87632599988004],[-84.50688800014194,32.88178799987962],[-84.57066899976208,32.84517899981831],[-84.70053800021273,32.84464000023559]]]},"properties":{"BASENAME":"Talbot","NAME":"Talbot County","STATE":"13"}},
{"type":"Feature","geometry":{"type":"Polygon","coordinates":[[[-83.99995500037824,29.898948000075364],[-83.93784000011436,29.853460000179364],[-83.87524000032688,29.8253600000136],[-83.83029000042713,29.819720000015636],[-83.78089999998048,29.790040000296525],[-83.74890000002885,29.714610000046036],[-83.687329999563,29.626090000075823],[-83.61440000013391,29.58841999972645],[-83.58206999957108,29.5633200001093],[-83.57540600034945,29.527002999705328],[-83.41544099985309,29.665538999793576],[-83.36639799973608,29.66570099968399],[-83.34567599963022,29.74348999973506],[-83.3194619999146,29.778328000272698],[-83.31885900039023,29.82262300014612],[-83.35286000033219,29.822222000059842],[-83.35298599983057,29.887859000098906],[-83.37089000016148,29.887934000167842],[-83.36725999972651,30.260439999628865],[-83.46926699975033,30.260350999906088],[-83.46876799998304,30.304211999618815],[-83.82023500024678,30.30354000013151],[-83.84487399994447,30.277431999890712],[-83.91536899991327,30.24477900014831],[-83.92545300040592,30.192860000347142],[-83.95129899987553,30.18628200026513],[-83.99218400004546,30.096207999948337],[-83.99995500037824,29.898948000075364]]]},"properties":{"BASENAME":"Taylor","NAME":"Taylor County","STATE":"12"}},
{"type":"Feature","geometry":{"type":"Polygon","coordinates":[[[-81.05152099963782,31.70519800006007],[-80.99720000017122,31.74850299972233],[-80.9707260001646,31.798352999680898],[-80.93831600013414,31.809008000163814],[-80.85533900002234,31.910809000286903],[-80.78984100009401,31.96438999979287],[-80.78296000023906,31.995954000083838],[-80.81557699995874,32.029918000247584],[-80.85023800022478,32.04142000032791],[-80.92508499997861,32.04193900021629],[-81.00430500033217,32.102367000312505],[-81.03812499962584,32.08373400004597],[-81.11722500032877,32.117604000086594],[-81.12314899975871,32.20132000000964],[-81.1445720001965,32.22612800012404],[-81.19563399984719,32.23749900030754],[-81.3916980003602,32.09588599984693],[-81.37021100034829,32.05445700020916],[-81.30426900000596,31.999174000019348],[-81.26568000027743,31.910586000052632],[-81.21230899976653,31.918358000154303],[-81.1611869998414,31.887571000080914],[-81.13932599973569,31.852617999680607],[-81.17702700043282,31.816113000188764],[-81.17312400018636,31.763928999663445],[-81.1547310001339,31.713069999748928],[-81.05152099963782,31.70519800006007]]]},"properties":{"BASENAME":"Chatham","NAME":"Chatham County","STATE":"13"}},
{"type":"Feature","geometry":{"type":"Polygon","coordinates":[[[-82.41872800009595,29.923092999788135],[-82.31338500026337,29.954704000018403],[-82.25997100009477,30.028089999652803],[-82.2256379998918,30.0342640000376],[-82.14733999980315,30.10998499977376],[-82.1425779999393,30.143116999741398],[-82.35939499962197,30.141041000195848],[-82.45836399976284,30.136449000251606],[-82.45598500037906,30.105583999816268],[-82.51901899963647,30.076010999988146],[-82.54496100026387,30.01999499976905],[-82.57311599969537,30.010650999791974],[-82.5692800002944,29.974979999698448],[-82.52970499982857,29.940880999673173],[-82.41872800009595,29.923092999788135]]]},"properties":{"BASENAME":"Union","NAME":"Union County","STATE":"12"}},
{"type":"Feature","geometry":{"type":"Polygon","coordinates":[[[-82.02533899976964,32.278882999820034],[-81.98004099971531,32.08150200017047],[-81.8889380003418,32.05039799996761],[-81.76173500022841,32.04789999992423],[-81.71865800027246,32.089350999724495],[-81.7570389995885,32.10510299972677],[-81.78085800002683,32.15289000027013],[-81.78084999963092,32.1751259999668],[-81.81628000000096,32.237469999688216],[-81.84165099999272,32.24092100003675],[-81.89272500023729,32.274782999954525],[-81.96906900019128,32.268782999695304],[-82.02533899976964,32.278882999820034]]]},"properties":{"BASENAME":"Evans","NAME":"Evans County","STATE":"13"}},
{"type":"Feature","geometry":{"type":"Polygon","coordinates":[[[-82.64773300019375,32.51250699976338],[-82.49997100018113,32.4983780000704],[-82.3861060003534,32.440369999990295],[-82.40911800015456,32.35383000021417],[-82.35637799965542,32.313494000339695],[-82.3545459997195,32.2921939999308],[-82.27984499955554,32.29418199982004],[-82.23278800025855,32.31883799997256],[-82.25275700015389,32.35331000031749],[-82.18794399976568,32.43357100014154],[-82.1811449999265,32.47406600012808],[-82.14833800023604,32.52042899971631],[-82.0798419997094,32.56006299974078],[-82.03023299987795,32.5387700000928],[-82.00123599964917,32.6069100000629],[-82.08244000027462,32.66306099986884],[-82.14497700031289,32.81274099996054],[-82.20151300003002,32.80460899968324],[-82.31651199983477,32.83577199970399],[-82.36156200019197,32.81678500036412],[-82.40851399990697,32.81505400035461],[-82.39833099968011,32.777445000354334],[-82.4341490003877,32.76225799969627],[-82.4527509997792,32.728659000076014],[-82.49943100040598,32.68633999986015],[-82.46982300025691,32.65088200004976],[-82.59443899967575,32.57915800019372],[-82.56435799969869,32.5324490002697],[-82.64773300019375,32.51250699976338]]]},"properties":{"BASENAME":"Emanuel","NAME":"Emanuel County","STATE":"13"}},
{"type":"Feature","geometry":{"type":"Polygon","coordinates":[[[-84.97196199959224,32.3776980003744],[-85.00458199968496,32.34519600029467],[-85.00279099975694,32.3224280003518],[-84.93379999966099,32.29825999976159],[-84.90119100033722,32.25837399996641],[-84.92302700032859,32.23085099969277],[-84.65891999992378,32.232852000071816],[-84.65732499981434,32.494940000062954],[-84.63732300030702,32.53485500034535],[-84.69451000012741,32.518731999943334],[-84.72556100004998,32.50601599969913],[-84.76096700013056,32.4363659996365],[-84.79295100018868,32.41383999983195],[-84.8818009996768,32.41070399986253],[-84.93242499965956,32.38062499973465],[-84.97196199959224,32.3776980003744]]]},"properties":{"BASENAME":"Chattahoochee","NAME":"Chattahoochee County","STATE":"13"}},
{"type":"Feature","geometry":{"type":"Polygon","coordinates":[[[-84.08375699977225,30.675804000215653],[-84.07711899959158,30.914964999972838],[-84.11922300012732,30.983482999645382],[-84.11664399982868,31.077971000117177],[-84.37661199998547,31.078882999617594],[-84.37620699992952,30.943445000222237],[-84.38070500020271,30.689993000210205],[-84.28255899969423,30.68533400015695],[-84.08375699977225,30.675804000215653]]]},"properties":{"BASENAME":"Grady","NAME":"Grady County","STATE":"13"}},
{"type":"Feature","geometry":{"type":"Polygon","coordinates":[[[-82.23278800025855,32.31883799997256],[-82.22945699957434,32.28389699966933],[-82.18272699961717,32.160441999974736],[-82.20441700001867,32.07677399997786],[-82.22504200004012,31.913073999997003],[-82.16584300035878,31.903598999771415],[-82.10784200022852,31.883701000334803],[-82.1072349996079,31.863797000055218],[-82.0485820004478,31.8270750001566],[-81.98194100032163,31.78440499972602],[-81.96905199957453,31.789324000291128],[-81.9125290002762,31.886833000306858],[-81.8819960003875,31.918340999628718],[-81.88916799959726,31.9470709997823],[-81.82440500033607,32.01488200022228],[-81.76173500022841,32.04789999992423],[-81.8889380003418,32.05039799996761],[-81.98004099971531,32.08150200017047],[-82.02533899976964,32.278882999820034],[-82.23278800025855,32.31883799997256]]]},"properties":{"BASENAME":"Tattnall","NAME":"Tattnall County","STATE":"13"}},
{"type":"Feature","geometry":{"type":"Polygon","coordinates":[[[-85.71033300016248,31.195173000283695],[-85.66577499989988,31.267591000041122],[-85.6029559998293,31.272378000083066],[-85.5461129999655,31.253867999867744],[-85.48585399992696,31.246095999885394],[-85.48544200019833,31.28709499987815],[-85.41706500039571,31.28618800023011],[-85.41743399956833,31.314973000272325],[-85.41643699985866,31.619465999783472],[-85.74825099969627,31.618047999881362],[-85.78914199971399,31.617963999906284],[-85.79140200017041,31.19634899979546],[-85.71033300016248,31.195173000283695]]]},"properties":{"BASENAME":"Dale","NAME":"Dale County","STATE":"01"}},
{"type":"Feature","geometry":{"type":"Polygon","coordinates":[[[-83.1389910001208,32.42306900033409],[-83.17325200035373,32.452532999651076],[-83.30475000035074,32.34195799983308],[-83.2839579999247,32.32431099993389],[-83.34652799957493,32.272489000143615],[-83.37393100041749,32.249740999856996],[-83.29110599974332,32.17882499974799],[-83.32480499956148,32.150367000206316],[-83.30468500005341,32.1332000003553],[-83.33731299964374,32.10588500001042],[-83.29985799989224,32.07030700023326],[-83.30772200011144,32.05091900013791],[-83.26153399957929,31.95207600002808],[-83.2190530003733,31.92634999984762],[-83.20573900037708,31.90032499969319],[-82.92786500023955,32.13527400015474],[-82.87178999975654,32.18272999977936],[-82.88480300035219,32.19607200035856],[-82.99096700016734,32.1472740003545],[-83.1389910001208,32.42306900033409]]]},"properties":{"BASENAME":"Dodge","NAME":"Dodge County","STATE":"13"}},
{"type":"Feature","geometry":{"type":"Polygon","coordinates":[[[-81.28126999972527,32.55647100024523],[-81.10191399964188,32.68641099969638],[-81.01849499966421,32.75017200025779],[-80.94586499981077,32.68734799975384],[-80.95866999999396,32.64250699998461],[-80.90244800009619,32.621560999689684],[-80.86970499997979,32.660934999632246],[-80.82626499980067,32.70424999968054],[-80.90019600003569,32.832812999785084],[-80.94597500031395,32.87660999964743],[-80.98670300012503,32.90067399970909],[-81.02963000029318,32.97391200034695],[-81.08229100025127,33.026630000205316],[-81.21956299989039,32.95335000022465],[-81.23768099958322,32.90673100019853],[-81.27672899979437,32.892085999801985],[-81.26166200040326,32.8391389998368],[-81.32681399982687,32.7909139999493],[-81.33854299975938,32.768455999870135],[-81.4050540001892,32.74495699983588],[-81.42750500029881,32.70224199973703],[-81.39303300017866,32.65154199993183],[-81.41866000026346,32.62939200031224],[-81.38920500027528,32.595415999978826],[-81.31912100021022,32.55959600001878],[-81.28126999972527,32.55647100024523]]]},"properties":{"BASENAME":"Hampton","NAME":"Hampton County","STATE":"45"}},
{"type":"Feature","geometry":{"type":"Polygon","coordinates":[[[-82.97124699979403,31.183987999728124],[-82.9713360003808,30.86939200026933],[-82.84640500041938,30.8349489997944],[-82.83054300008668,30.7813749996952],[-82.8052900000957,30.749835000110497],[-82.76615900004386,30.732404000270307],[-82.60430700025832,30.71371499971019],[-82.57907900038168,30.69233200007979],[-82.58400699992687,30.591548000139937],[-82.45979300019094,30.584267000155105],[-82.41891399986879,30.581766999740577],[-82.4308620000844,30.61284800007083],[-82.43585199955388,30.820067999744595],[-82.4922040000463,30.83256399975567],[-82.49055799988324,30.96316600035048],[-82.52012400019949,30.96313199990653],[-82.55033900007085,31.000404000107782],[-82.59207100016262,31.018487000358576],[-82.67166899990964,31.183738999955303],[-82.97124699979403,31.183987999728124]]]},"properties":{"BASENAME":"Clinch","NAME":"Clinch County","STATE":"13"}},
{"type":"Feature","geometry":{"type":"Polygon","coordinates":[[[-83.13661400038683,30.623967000359226],[-83.13282999996606,30.758532999741938],[-83.12486500036283,30.803654999628122],[-83.08808199973267,30.848658000371298],[-83.01941899969977,30.849452999865974],[-83.02049099975251,30.901364000215054],[-83.04292400031873,30.94729600002022],[-83.17946500038698,30.95012799967494],[-83.1806219999302,31.025487999709487],[-83.19797100041734,31.025404999773293],[-83.29505199964747,31.02727800021278],[-83.47561700005092,31.031964000336117],[-83.42931700026408,30.948913000081063],[-83.44051300009411,30.90626199992177],[-83.39945399984691,30.88390399963191],[-83.37089799965909,30.88482799969377],[-83.35898899980154,30.836710000232035],[-83.43857200037824,30.814362000012505],[-83.45885900029091,30.764427999975698],[-83.48246100009594,30.756930999751813],[-83.43968000041599,30.688564999855245],[-83.4207579995607,30.688977000165185],[-83.36125099990777,30.651860999813472],[-83.35770300038688,30.637359999962555],[-83.34085199984212,30.636336000027995],[-83.30924900044884,30.634405999972387],[-83.13661400038683,30.623967000359226]]]},"properties":{"BASENAME":"Lowndes","NAME":"Lowndes County","STATE":"13"}},
{"type":"Feature","geometry":{"type":"Polygon","coordinates":[[[-81.76624099999921,31.169650000295967],[-81.81906599998884,31.136504000232627],[-81.84067100000152,31.097664999786307],[-81.9111779996659,31.09706299964401],[-81.93600600040777,31.04799300027446],[-81.90664500013092,31.040176000322113],[-81.89891800017907,30.96273399992689],[-81.91505199960002,30.91596900022798],[-81.89212000016481,30.910003999780198],[-81.9048550000278,30.82834000017398],[-81.88185800029524,30.799960999968288],[-81.79396799980853,30.787238999844234],[-81.71810900027644,30.744806000354306],[-81.6598050001975,30.75126499995505],[-81.57239500010981,30.721896999976266],[-81.48989800039705,30.726156000378907],[-81.46401299967106,30.710983000321086],[-81.34701500042411,30.712443999929246],[-81.36741600013958,30.75251400007235],[-81.40048200029615,30.766426000303078],[-81.35020399991981,30.889108999864803],[-81.34520699987934,30.93150300007076],[-81.31753500032158,30.948500000059404],[-81.30643499985271,30.9906440001133],[-81.42377500030472,30.99089200008732],[-81.45689300033983,31.037197000080457],[-81.52656499977795,31.063193999780808],[-81.56511599987162,31.091940000310636],[-81.55810799979508,31.120680999849185],[-81.6295469997701,31.10996000009018],[-81.68622499977745,31.12241900004433],[-81.76624099999921,31.169650000295967]]]},"properties":{"BASENAME":"Camden","NAME":"Camden County","STATE":"13"}},
{"type":"Feature","geometry":{"type":"Polygon","coordinates":[[[-83.70108999962304,32.69159800013318],[-83.76696300036842,32.69249499994384],[-84.00336300015705,32.52992699999738],[-84.00848999989387,32.52176900033782],[-84.01814699969093,32.50640599990457],[-83.92393100009139,32.504920000201395],[-83.84667599974316,32.468514000025145],[-83.79771200016717,32.44699000013254],[-83.79769399972551,32.496568000317794],[-83.74900700015895,32.50524799969887],[-83.71985900031746,32.53176000031896],[-83.7186309997308,32.6349829996977],[-83.70108999962304,32.69159800013318]]]},"properties":{"BASENAME":"Peach","NAME":"Peach County","STATE":"13"}},
{"type":"Feature","geometry":{"type":"Polygon","coordinates":[[[-82.31651199983477,32.83577199970399],[-82.27235299978032,32.93779600012222],[-82.29118000020105,33.06282699996505],[-82.26672399990318,33.15340200025264],[-82.23306199989493,33.227739999873215],[-82.26758000004583,33.267396999770185],[-82.34915500039205,33.31323599969878],[-82.38382900017855,33.31210600032233],[-82.43195699970335,33.27482999974502],[-82.58494199971226,33.17145299999689],[-82.57697299991106,33.12462600033078],[-82.66191699967801,33.12633100035693],[-82.64156899966598,33.08439200006225],[-82.59767099972746,33.03246299972837],[-82.5479129999331,33.00853299996659],[-82.53935199957989,32.94775199969323],[-82.51085099964365,32.91775399997793],[-82.52105200031215,32.82235599966424],[-82.4732510001272,32.77755800003181],[-82.4341490003877,32.76225799969627],[-82.39833099968011,32.777445000354334],[-82.40851399990697,32.81505400035461],[-82.36156200019197,32.81678500036412],[-82.31651199983477,32.83577199970399]]]},"properties":{"BASENAME":"Jefferson","NAME":"Jefferson County","STATE":"13"}},
{"type":"Feature","geometry":{"type":"Polygon","coordinates":[[[-81.78085800002683,32.15289000027013],[-81.7570389995885,32.10510299972677],[-81.71865800027246,32.089350999724495],[-81.69269499972866,32.08831299991509],[-81.61980399975931,32.03105199987334],[-81.59239099976934,31.9724690002225],[-81.56423100031496,31.95948999989918],[-81.50280800016219,31.96283399976757],[-81.40438800001735,31.9197009997188],[-81.37695400011097,31.848257000008097],[-81.33260699973555,31.833187000058953],[-81.31102699983724,31.78991499978557],[-81.27742599992837,31.794614999787054],[-81.25988700036875,31.753754000071748],[-81.1547310001339,31.713069999748928],[-81.17312400018636,31.763928999663445],[-81.17702700043282,31.816113000188764],[-81.13932599973569,31.852617999680607],[-81.1611869998414,31.887571000080914],[-81.21230899976653,31.918358000154303],[-81.26568000027743,31.910586000052632],[-81.30426900000596,31.999174000019348],[-81.37021100034829,32.05445700020916],[-81.3916980003602,32.09588599984693],[-81.43582999975214,32.241289000015875],[-81.62480900019571,32.18968099983477],[-81.78085800002683,32.15289000027013]]]},"properties":{"BASENAME":"Bryan","NAME":"Bryan County","STATE":"13"}},
{"type":"Feature","geometry":{"type":"Polygon","coordinates":[[[-84.12427500041937,32.84956199976511],[-84.12429100031292,32.80188200010905],[-84.14932800039384,32.8012059997538],[-84.2026279998613,32.6900180003065],[-84.10496599994981,32.67338500013764],[-84.05834800014566,32.6302939996388],[-84.0705730003707,32.594022000090206],[-84.04588699991906,32.55827600029821],[-84.00336300015705,32.52992699999738],[-83.76696300036842,32.69249499994384],[-83.70108999962304,32.69159800013318],[-83.70115200044565,32.692168999923275],[-83.73629200038745,32.69363300029902],[-83.80826699993969,32.72868199977684],[-83.89204999996545,32.81955800018324],[-83.89192199991892,32.84835100006966],[-84.12427500041937,32.84956199976511]]]},"properties":{"BASENAME":"Crawford","NAME":"Crawford County","STATE":"13"}},
{"type":"Feature","geometry":{"type":"Polygon","coordinates":[[[-85.4882979996081,30.997064000267393],[-85.24363199991734,31.000883999659987],[-85.00249899967889,31.000685000050627],[-85.0113909995699,31.053546999913024],[-85.02856400032992,31.075522999864642],[-85.03706200003563,31.10975299967837],[-85.07780099971737,31.157888999678846],[-85.09964699975448,31.164941999688082],[-85.09684300022327,31.22523900023266],[-85.11326100022465,31.264343000102386],[-85.0876509998583,31.308676999650313],[-85.17913099969869,31.307675000305363],[-85.41743399956833,31.314973000272325],[-85.41706500039571,31.28618800023011],[-85.48544200019833,31.28709499987815],[-85.48585399992696,31.246095999885394],[-85.5461129999655,31.253867999867744],[-85.6029559998293,31.272378000083066],[-85.66577499989988,31.267591000041122],[-85.71033300016248,31.195173000283695],[-85.58573299973887,31.19487500037338],[-85.48576000021565,31.199885999892892],[-85.4882979996081,30.997064000267393]]]},"properties":{"BASENAME":"Houston","NAME":"Houston County","STATE":"01"}},
{"type":"Feature","geometry":{"type":"Polygon","coordinates":[[[-84.14112400041601,31.44017899982462],[-83.99779600020418,31.44375300010199],[-83.99624600030056,31.62515400024077],[-84.01840399960888,31.650273999981444],[-84.04321300008417,31.623572999663697],[-84.29780099988584,31.621950999807826],[-84.45039799955724,31.62186800007207],[-84.4549229995946,31.548331000302724],[-84.41252100003133,31.456929999689883],[-84.42987600036624,31.436661000185495],[-84.21159300044555,31.435856000351034],[-84.14112400041601,31.44017899982462]]]},"properties":{"BASENAME":"Dougherty","NAME":"Dougherty County","STATE":"13"}},
{"type":"Feature","geometry":{"type":"Polygon","coordinates":[[[-83.51351100019357,32.84486799993628],[-83.50260300024364,32.80111899973574],[-83.57871500039403,32.73811800014661],[-83.60858600030883,32.692636000161336],[-83.59765599971927,32.664338000197695],[-83.56312500004789,32.659813000011404],[-83.53505299955876,32.58656800009385],[-83.54800199968197,32.57295499963901],[-83.53253199988474,32.51627300025406],[-83.49217999981728,32.48676300029738],[-83.49792300039557,32.45219800010014],[-83.22653599992766,32.58420099994721],[-83.2428509999969,32.608759999915335],[-83.40699000000305,32.898220000073174],[-83.51351100019357,32.84486799993628]]]},"properties":{"BASENAME":"Twiggs","NAME":"Twiggs County","STATE":"13"}},
{"type":"Feature","geometry":{"type":"Polygon","coordinates":[[[-85.91929300019697,32.274381999883744],[-85.87786800025187,32.29152800030214],[-85.87606100043028,32.24634400032428],[-85.85621800003334,32.23197499981329],[-85.43354299977324,32.23464799994818],[-85.43404499991358,32.40983999984472],[-85.43857499997384,32.49709000025679],[-85.48934799991952,32.496936999843896],[-85.661053000219,32.56793499972708],[-85.69585400022711,32.595933000349575],[-85.71265399981995,32.581834000126655],[-85.79858500014912,32.58108900028737],[-85.79715599972101,32.49423599991936],[-85.88614800039768,32.493052999871],[-85.89442000014756,32.447577999637154],[-85.97434400030781,32.446274999671026],[-86.02301199960777,32.41997799970307],[-85.98908799965872,32.33482000024228],[-85.91929300019697,32.274381999883744]]]},"properties":{"BASENAME":"Macon","NAME":"Macon County","STATE":"01"}},
{"type":"Feature","geometry":{"type":"Polygon","coordinates":[[[-83.50070199981242,31.59399000017083],[-83.49164699971482,31.619410000151777],[-83.49067199974647,31.696093000048556],[-83.45295699970397,31.7089539998427],[-83.45363399974647,31.75786099989223],[-83.4801760004235,31.847311999917125],[-83.61225600002845,31.854089000328973],[-83.61264199981784,31.804127999954446],[-83.80272299955305,31.803578999737066],[-83.79730999958596,31.760748000237793],[-83.79684599997879,31.622928999690007],[-83.71877399984594,31.622028000058723],[-83.66907100030316,31.593855999907152],[-83.64938400044014,31.567976999625365],[-83.64897199981316,31.596466000357623],[-83.50070199981242,31.59399000017083]]]},"properties":{"BASENAME":"Turner","NAME":"Turner County","STATE":"13"}},
{"type":"Feature","geometry":{"type":"Polygon","coordinates":[[[-82.0492440004217,29.71866999991377],[-82.00706999956574,29.73949000006889],[-81.93942699970705,29.74749699965404],[-81.90926000041456,29.793560000348027],[-81.8619939999819,29.80018699971729],[-81.81243000035629,29.836490000359685],[-81.58120699963487,29.84017600023463],[-81.6083560000342,29.915694999742957],[-81.61014600013732,29.970235000236386],[-81.67108800006615,30.00724199961307],[-81.68887600004612,30.02856600012187],[-81.6802150001338,30.121240000190184],[-81.69181500019486,30.142338999686736],[-81.67962599995484,30.190494999615918],[-82.04941099992796,30.186932999706578],[-82.04942500017167,30.143135999679977],[-82.0461119999291,29.74712900033994],[-82.0492440004217,29.71866999991377]]]},"properties":{"BASENAME":"Clay","NAME":"Clay County","STATE":"12"}},
{"type":"Feature","geometry":{"type":"Polygon","coordinates":[[[-82.1425779999393,30.143116999741398],[-82.14733999980315,30.10998499977376],[-82.2256379998918,30.0342640000376],[-82.25997100009477,30.028089999652803],[-82.31338500026337,29.954704000018403],[-82.41872800009595,29.923092999788135],[-82.39877099989617,29.887318999806464],[-82.33595699984846,29.87884799991224],[-82.28183700022335,29.844448000370566],[-82.19027100016925,29.84808700030151],[-82.13312600018165,29.835948999667544],[-82.10912299962031,29.783084999899522],[-82.05807000019047,29.748059000272704],[-82.05562499978612,29.71823200002999],[-82.0492440004217,29.71866999991377],[-82.0461119999291,29.74712900033994],[-82.04942500017167,30.143135999679977],[-82.1425779999393,30.143116999741398]]]},"properties":{"BASENAME":"Bradford","NAME":"Bradford County","STATE":"12"}},
{"type":"Feature","geometry":{"type":"Polygon","coordinates":[[[-82.03023299987795,32.5387700000928],[-81.97100300023446,32.513240000189825],[-81.97412099958504,32.469970999643614],[-81.91865199989776,32.415073000026325],[-81.96906900019128,32.268782999695304],[-81.89272500023729,32.274782999954525],[-81.84165099999272,32.24092100003675],[-81.81628000000096,32.237469999688216],[-81.78084999963092,32.1751259999668],[-81.78085800002683,32.15289000027013],[-81.62480900019571,32.18968099983477],[-81.43582999975214,32.241289000015875],[-81.43836899986782,32.27190399975336],[-81.46429399987844,32.324703000117815],[-81.53092099976092,32.390384999769665],[-81.52694600044278,32.44592300026409],[-81.5480059997591,32.489286000294264],[-81.63931999991811,32.532513000023265],[-81.68792700001704,32.546069999774645],[-81.8270969997143,32.65264100011697],[-81.84100499991236,32.649093000158814],[-82.00123599964917,32.6069100000629],[-82.03023299987795,32.5387700000928]]]},"properties":{"BASENAME":"Bulloch","NAME":"Bulloch County","STATE":"13"}},
{"type":"Feature","geometry":{"type":"Polygon","coordinates":[[[-82.92786500023955,32.13527400015474],[-82.88765700011214,32.079890999919854],[-82.80098500016635,32.0442459996656],[-82.76682600004065,32.01161900001058],[-82.72880600039962,32.00670400003967],[-82.69517799982826,31.956882999666856],[-82.64565900040849,31.91888299963245],[-82.54365499985941,31.958914000227388],[-82.5475609995806,31.98158799989441],[-82.59767099972746,32.01397899979127],[-82.61381500009247,32.06061899983584],[-82.61359300033462,32.14995099963408],[-82.63232399959756,32.19566299997853],[-82.63733599970666,32.266032999781146],[-82.65548600008486,32.29756100009124],[-82.72196400000442,32.30928300011015],[-82.85830800042916,32.19438599966963],[-82.88480300035219,32.19607200035856],[-82.87178999975654,32.18272999977936],[-82.92786500023955,32.13527400015474]]]},"properties":{"BASENAME":"Wheeler","NAME":"Wheeler County","STATE":"13"}},
{"type":"Feature","geometry":{"type":"Polygon","coordinates":[[[-85.65766800000644,31.880274999807952],[-85.64876699989459,31.911615000271937],[-85.60476900039697,31.960852000034762],[-85.58734399974183,31.99735499999708],[-85.51235999972066,31.999694000330514],[-85.51264299957788,32.01405499974113],[-85.42847600031088,32.01495100025112],[-85.42744199989299,32.139350000033],[-85.41024100044217,32.14665100023129],[-85.42744100006807,32.146551000366884],[-85.43354299977324,32.23464799994818],[-85.85621800003334,32.23197499981329],[-85.87606100043028,32.24634400032428],[-85.87786800025187,32.29152800030214],[-85.91929300019697,32.274381999883744],[-85.98655699993898,32.27234199978106],[-85.99915700008275,32.25054300022124],[-85.99685300014373,32.05104899998107],[-85.911755000391,32.05475200001178],[-85.89365199986845,32.047351000353025],[-85.88434999989862,31.96725299999539],[-85.79004800008536,31.967253999852907],[-85.79104700034316,31.880357000065253],[-85.65766800000644,31.880274999807952]]]},"properties":{"BASENAME":"Bullock","NAME":"Bullock County","STATE":"01"}},
{"type":"Feature","geometry":{"type":"Polygon","coordinates":[[[-85.12732900025628,31.76256300012289],[-85.15123599965985,31.77436400032953],[-85.2060340000507,31.74181300026077],[-85.21607599981225,31.7024090003795],[-85.4160379996505,31.706663999976072],[-85.41643699985866,31.619465999783472],[-85.41743399956833,31.314973000272325],[-85.17913099969869,31.307675000305363],[-85.0876509998583,31.308676999650313],[-85.09216699967483,31.364576000220666],[-85.06563900013984,31.43952100030783],[-85.07162100019441,31.46838399975736],[-85.04549500034231,31.517129000024664],[-85.05795999986856,31.570839999749012],[-85.05747299979683,31.61862399985351],[-85.12592999996541,31.69626499985857],[-85.12732900025628,31.76256300012289]]]},"properties":{"BASENAME":"Henry","NAME":"Henry County","STATE":"01"}},
{"type":"Feature","geometry":{"type":"Polygon","coordinates":[[[-82.13169799957846,31.01071399988236],[-82.41560300017436,31.013590000192004],[-82.42044200003112,30.79522900016579],[-82.17815999974701,30.790952999784494],[-82.14987200024612,30.78433599986072],[-82.21467700023841,30.568556000025172],[-82.24040300005743,30.53777000010055],[-82.20124000021856,30.48511399971443],[-82.21073299998407,30.425640000103154],[-82.19259600002468,30.378831000130557],[-82.1701969997936,30.358971999773594],[-82.10501799970748,30.368817000223196],[-82.04995800027413,30.36247199973899],[-82.04376199995932,30.414868999680806],[-82.01690600036127,30.47511099980155],[-82.01855400017418,30.528992000078834],[-82.00581000009035,30.565357999792802],[-82.05021699984192,30.674537999861993],[-82.03592700005244,30.706204999857896],[-82.03979500013878,30.747296999747558],[-81.97245799970352,30.779925999893813],[-81.96392800021076,30.81810000007861],[-81.9048550000278,30.82834000017398],[-81.89212000016481,30.910003999780198],[-81.91505199960002,30.91596900022798],[-81.89891800017907,30.96273399992689],[-81.90664500013092,31.040176000322113],[-81.93600600040777,31.04799300027446],[-82.06087000042203,31.075809000072383],[-82.08120699966508,31.010630000038116],[-82.13169799957846,31.01071399988236]]]},"properties":{"BASENAME":"Charlton","NAME":"Charlton County","STATE":"13"}},
{"type":"Feature","geometry":{"type":"Polygon","coordinates":[[[-86.03503900036442,30.99331999993176],[-85.49799200011338,30.99693099978939],[-85.4882979996081,30.997064000267393],[-85.48576000021565,31.199885999892892],[-85.58573299973887,31.19487500037338],[-85.71033300016248,31.195173000283695],[-85.79140200017041,31.19634899979546],[-86.19347599980014,31.19221300012804],[-86.18724600004846,30.994021000300513],[-86.03503900036442,30.99331999993176]]]},"properties":{"BASENAME":"Geneva","NAME":"Geneva County","STATE":"01"}},
{"type":"Feature","geometry":{"type":"Polygon","coordinates":[[[-84.64931900020322,32.23295300014298],[-84.6403200001821,32.22525299972633],[-84.64441900024713,32.02885800024851],[-84.6541189997019,32.02845799977646],[-84.65582000011656,31.92030799966787],[-84.5997759995957,31.92017100017633],[-84.45330999994181,31.919224000298154],[-84.44380700013052,31.967455999804585],[-84.43301399980832,32.04195999992095],[-84.43121399965946,32.13405800023363],[-84.52711700032826,32.134556000153225],[-84.52741699990392,32.15115599991082],[-84.59974700018171,32.19242600008567],[-84.62062099972519,32.233055000093316],[-84.64931900020322,32.23295300014298]]]},"properties":{"BASENAME":"Webster","NAME":"Webster County","STATE":"13"}},
{"type":"Feature","geometry":{"type":"Polygon","coordinates":[[[-83.81604800031823,33.131816000215174],[-83.77391700001827,33.079360000256344],[-83.74700399962052,33.063373000109145],[-83.71068500039414,32.952792000354194],[-83.69601700031289,32.916869999759015],[-83.6582110000338,32.88791300016444],[-83.59818700017192,32.88783600023487],[-83.51351100019357,32.84486799993628],[-83.40699000000305,32.898220000073174],[-83.35768499994522,32.92614099973242],[-83.41773999976924,33.12513599970103],[-83.42908999958505,33.1853520003346],[-83.54587600001818,33.17194399993019],[-83.81604800031823,33.131816000215174]]]},"properties":{"BASENAME":"Jones","NAME":"Jones County","STATE":"13"}},
{"type":"Feature","geometry":{"type":"Polygon","coordinates":[[[-81.6632060003036,31.538667000120753],[-81.6581799999508,31.510147000247773],[-81.61225099988474,31.468298000057544],[-81.62429000033694,31.452981999980892],[-81.5775750004484,31.39942899974917],[-81.51553999965213,31.356185999982763],[-81.46791000006972,31.338457000088205],[-81.43587400013308,31.313263000100086],[-81.36880399966151,31.318702999804927],[-81.2982319996998,31.292456000269894],[-81.1837159997688,31.2942830003763],[-81.17254599987805,31.376830999828016],[-81.19075800018054,31.399875999689616],[-81.14384499992528,31.471521000145195],[-81.09538299959132,31.5209810000217],[-81.1751479997429,31.53965999989798],[-81.19493000004049,31.559081999812147],[-81.19012399979573,31.59810100015496],[-81.22222000000681,31.630419999853704],[-81.26186800026758,31.650142000159757],[-81.35557300040428,31.654669999697028],[-81.43576000033026,31.64205500010371],[-81.491798000105,31.69957499969777],[-81.5660089998242,31.576467000280353],[-81.6632060003036,31.538667000120753]]]},"properties":{"BASENAME":"McIntosh","NAME":"McIntosh County","STATE":"13"}},
{"type":"Feature","geometry":{"type":"Polygon","coordinates":[[[-84.04149800032413,33.202629000011825],[-84.04411299970944,32.94787399974304],[-84.05417499956248,32.931496999965894],[-84.1233399997357,32.93218399972269],[-84.12427500041937,32.84956199976511],[-83.89192199991892,32.84835100006966],[-83.71068500039414,32.952792000354194],[-83.74700399962052,33.063373000109145],[-83.77391700001827,33.079360000256344],[-83.81604800031823,33.131816000215174],[-83.82226100035146,33.180237999756],[-83.87701399963818,33.202386999646585],[-84.04149800032413,33.202629000011825]]]},"properties":{"BASENAME":"Monroe","NAME":"Monroe County","STATE":"13"}},
{"type":"Feature","geometry":{"type":"Polygon","coordinates":[[[-84.14112400041601,31.44017899982462],[-84.19455199992998,31.392575000206477],[-84.19798599964807,31.357520999910985],[-84.34055200032688,31.305340999898196],[-84.34094599961387,31.277759999954668],[-84.36658799976729,31.239774999965334],[-84.40597999993503,31.21888100025874],[-84.40448199990996,31.19898500030495],[-84.48330999972801,31.155535999835834],[-84.50677699981384,31.123241999909386],[-84.50807800019543,31.078400000215307],[-84.37661199998547,31.078882999617594],[-84.11664399982868,31.077971000117177],[-84.00362699974768,31.07728999976242],[-83.99942999977337,31.334965999729032],[-83.99779600020418,31.44375300010199],[-84.14112400041601,31.44017899982462]]]},"properties":{"BASENAME":"Mitchell","NAME":"Mitchell County","STATE":"13"}},
{"type":"Feature","geometry":{"type":"Polygon","coordinates":[[[-85.59315099989422,32.728529999869714],[-85.28504299961875,32.73073100030567],[-85.2848429996022,32.74513100006844],[-85.13503799976648,32.746529999666556],[-85.12232600036803,32.774382999785594],[-85.1656350001276,32.8082220003142],[-85.15485500022417,32.83968900019295],[-85.1841310001122,32.870525000153016],[-85.232378000361,33.10807699986702],[-85.5931769998335,33.10734000036865],[-85.59315099989422,32.728529999869714]]]},"properties":{"BASENAME":"Chambers","NAME":"Chambers County","STATE":"01"}},
{"type":"Feature","geometry":{"type":"Polygon","coordinates":[[[-82.05589900032084,29.471231999757386],[-82.05562499978612,29.71823200002999],[-82.05807000019047,29.748059000272704],[-82.10912299962031,29.783084999899522],[-82.13312600018165,29.835948999667544],[-82.19027100016925,29.84808700030151],[-82.28183700022335,29.844448000370566],[-82.33595699984846,29.87884799991224],[-82.39877099989617,29.887318999806464],[-82.41872800009595,29.923092999788135],[-82.52970499982857,29.940880999673173],[-82.57596600015566,29.913094999652106],[-82.59289700016805,29.861933000245827],[-82.65855400010506,29.830144000212293],[-82.65630100021964,29.564810999754737],[-82.65633100035687,29.535619999631187],[-82.55756499970728,29.537605999664052],[-82.55676600036435,29.480054999998078],[-82.40662000004676,29.485047999689765],[-82.21514300039374,29.484213000117325],[-82.21016499972151,29.428496000115437],[-82.14529799980494,29.423458999739196],[-82.05564300022779,29.441846999638067],[-82.05589900032084,29.471231999757386]]]},"properties":{"BASENAME":"Alachua","NAME":"Alachua County","STATE":"12"}},
{"type":"Feature","geometry":{"type":"Polygon","coordinates":[[[-83.92249400016568,31.909652999790772],[-84.01076799989362,31.91358100033393],[-84.33814299990755,31.916189999866692],[-84.33824500001482,31.87359100034756],[-84.3053870002707,31.86880400016603],[-84.26234899977449,31.82848799995259],[-84.28645600009291,31.791181999753135],[-84.29541599975596,31.698098000113887],[-84.30520399997259,31.691058000275078],[-84.29780099988584,31.621950999807826],[-84.04321300008417,31.623572999663697],[-84.01840399960888,31.650273999981444],[-84.02562299957262,31.710021999704637],[-83.98639000031187,31.76542600013674],[-83.97981300023054,31.809422000205284],[-83.93943699987362,31.84792900028543],[-83.92249400016568,31.909652999790772]]]},"properties":{"BASENAME":"Lee","NAME":"Lee County","STATE":"13"}}
]}